#
# There is insufficient memory for the Java Runtime Environment to continue.
# Native memory allocation (malloc) failed to allocate 1197296 bytes. Error detail: Chunk::new
# Possible reasons:
#   The system is out of physical RAM or swap space
#   This process is running with CompressedOops enabled, and the Java Heap may be blocking the growth of the native heap
# Possible solutions:
#   Reduce memory load on the system
#   Increase physical memory or swap space
#   Check if swap backing store is full
#   Decrease Java heap size (-Xmx/-Xms)
#   Decrease number of Java threads
#   Decrease Java thread stack sizes (-Xss)
#   Set larger code cache with -XX:ReservedCodeCacheSize=
#   JVM is running with Unscaled Compressed Oops mode in which the Java heap is
#     placed in the first 4GB address space. The Java Heap base address is the
#     maximum limit for the native heap growth. Please use -XX:HeapBaseMinAddress
#     to set the Java Heap base and to place the Java Heap above 4GB virtual address.
# This output file may be truncated or incomplete.
#
#  Out of Memory Error (arena.cpp:191), pid=31196, tid=27672
#
# JRE version: OpenJDK Runtime Environment Microsoft-11926163 (17.0.16+8) (build 17.0.16+8-LTS)
# Java VM: OpenJDK 64-Bit Server VM Microsoft-11926163 (17.0.16+8-LTS, mixed mode, sharing, tiered, compressed oops, compressed class ptrs, g1 gc, windows-amd64)
# No core dump will be written. Minidumps are not enabled by default on client versions of Windows
#

---------------  S U M M A R Y ------------

Command Line: --add-opens=java.base/java.lang=ALL-UNNAMED --add-opens=java.base/java.lang.invoke=ALL-UNNAMED --add-opens=java.base/java.util=ALL-UNNAMED --add-opens=java.prefs/java.util.prefs=ALL-UNNAMED --add-exports=jdk.compiler/com.sun.tools.javac.api=ALL-UNNAMED --add-exports=jdk.compiler/com.sun.tools.javac.util=ALL-UNNAMED --add-opens=java.base/java.util=ALL-UNNAMED --add-opens=java.prefs/java.util.prefs=ALL-UNNAMED --add-opens=java.base/java.nio.charset=ALL-UNNAMED --add-opens=java.base/java.net=ALL-UNNAMED --add-opens=java.base/java.util.concurrent=ALL-UNNAMED --add-opens=java.base/java.util.concurrent.atomic=ALL-UNNAMED --add-opens=java.xml/javax.xml.namespace=ALL-UNNAMED -XX:MaxMetaspaceSize=512m -Xmx2048m -Dfile.encoding=windows-1252 -Duser.country=IN -Duser.language=en -Duser.variant -javaagent:C:\Users\vj999\.gradle\wrapper\dists\gradle-9.0.0-bin\d6wjpkvcgsg3oed0qlfss3wgl\gradle-9.0.0\lib\agents\gradle-instrumentation-agent-9.0.0.jar org.gradle.launcher.daemon.bootstrap.GradleDaemon 9.0.0

Host: AMD Ryzen 5 7535HS with Radeon Graphics        , 12 cores, 7G,  Windows 11 , 64 bit Build 26100 (10.0.26100.7019)
Time: Tue Dec  9 04:27:06 2025 India Standard Time elapsed time: 44.864170 seconds (0d 0h 0m 44s)

---------------  T H R E A D  ---------------

Current thread (0x00000188f82f9cc0):  JavaThread "C2 CompilerThread1" daemon [_thread_in_native, id=27672, stack(0x000000707a700000,0x000000707a800000)]


Current CompileTask:
C2:  44864 16454       4       groovy.lang.MetaClassImpl::addMetaMethodToIndex (65 bytes)

Stack: [0x000000707a700000,0x000000707a800000]
Native frames: (J=compiled Java code, j=interpreted, Vv=VM code, C=native code)
V  [jvm.dll+0x68ee19]
V  [jvm.dll+0x846249]
V  [jvm.dll+0x847fb8]
V  [jvm.dll+0x848643]
V  [jvm.dll+0x24cf6f]
V  [jvm.dll+0xaecb6]
V  [jvm.dll+0xaf35c]
V  [jvm.dll+0x37134f]
V  [jvm.dll+0x33b7a5]
V  [jvm.dll+0x33ac0a]
V  [jvm.dll+0x21df29]
V  [jvm.dll+0x21d36d]
V  [jvm.dll+0x1a8ce6]
V  [jvm.dll+0x22db1b]
V  [jvm.dll+0x22bca6]
V  [jvm.dll+0x7fba9b]
V  [jvm.dll+0x7f5e9c]
V  [jvm.dll+0x68dd27]
C  [ucrtbase.dll+0x37b0]
C  [KERNEL32.DLL+0x2e8d7]
C  [ntdll.dll+0x8c53c]


---------------  P R O C E S S  ---------------

Threads class SMR info:
_java_thread_list=0x00000188fe079550, length=198, elements={
0x00000188ba221a30, 0x00000188d829f1a0, 0x00000188d82a07e0, 0x00000188d82c03a0,
0x00000188d82c0c70, 0x00000188d82cb560, 0x00000188d82cc640, 0x00000188d82d2230,
0x00000188d82d3930, 0x00000188d82e0290, 0x00000188d8c57740, 0x00000188d8c5a4d0,
0x00000188d8c57c50, 0x00000188d8c58160, 0x00000188d8c58670, 0x00000188d8c595a0,
0x00000188d8c5aef0, 0x00000188d8c59ab0, 0x00000188d8c58b80, 0x00000188d8c59090,
0x00000188d8c59fc0, 0x00000188f96e29d0, 0x00000188f96e1590, 0x00000188f96e2ee0,
0x00000188f96e1fb0, 0x00000188f96e0b70, 0x00000188f96e24c0, 0x00000188f96df730,
0x00000188f96e1aa0, 0x00000188f96dfc40, 0x00000188f96e3900, 0x00000188f96e0150,
0x00000188f96e4830, 0x00000188f96e5760, 0x00000188f96e6180, 0x00000188f96e5250,
0x00000188f96e6ba0, 0x00000188f96e70b0, 0x00000188f96e4320, 0x00000188f96e4d40,
0x00000188fc1d7950, 0x00000188fc1d6000, 0x00000188fc1d55e0, 0x00000188fc1d50d0,
0x00000188fc1d6a20, 0x00000188fc1d7440, 0x00000188fc1d6f30, 0x00000188fc1d7e60,
0x00000188fc1d9cc0, 0x00000188fc1d8d90, 0x00000188fc1d8370, 0x00000188fc1d8880,
0x00000188fc1d92a0, 0x00000188fc1d97b0, 0x00000188fc1d6510, 0x00000188fc1dc540,
0x00000188fc1dca50, 0x00000188fc1da6e0, 0x00000188fc1da1d0, 0x00000188fc1dabf0,
0x00000188fc1db100, 0x00000188fc1db610, 0x00000188fc1dbb20, 0x00000188fc1dc030,
0x00000188f96e0660, 0x00000188fba432f0, 0x00000188fba419a0, 0x00000188fba428d0,
0x00000188fba43800, 0x00000188fba40050, 0x00000188fba40560, 0x00000188fba42de0,
0x00000188fba423c0, 0x00000188fba43d10, 0x00000188fba41eb0, 0x00000188fba44220,
0x00000188fba45150, 0x00000188fba46fb0, 0x00000188fba479d0, 0x00000188fba44c40,
0x00000188fba46aa0, 0x00000188fba474c0, 0x00000188fba45660, 0x00000188fba46590,
0x00000188fba45b70, 0x00000188fba46080, 0x00000188fb3023d0, 0x00000188fb303300,
0x00000188fb301ec0, 0x00000188fb3028e0, 0x00000188fb304230, 0x00000188fb302df0,
0x00000188fb303810, 0x00000188fb304740, 0x00000188fb303d20, 0x00000188fb304c50,
0x00000188fb3014a0, 0x00000188fb3019b0, 0x00000188fd609430, 0x00000188fd60ad80,
0x00000188fd60b290, 0x00000188fd609940, 0x00000188fd609e50, 0x00000188fd60b7a0,
0x00000188fd60bcb0, 0x00000188fd60a360, 0x00000188fd608f20, 0x00000188fd60a870,
0x00000188fd608500, 0x00000188fd60c1c0, 0x00000188fd608a10, 0x00000188fd60cbe0,
0x00000188fd60d0f0, 0x00000188fd60e020, 0x00000188fd60d600, 0x00000188fd60db10,
0x00000188fd60c6d0, 0x00000188fd60f460, 0x00000188fd60e530, 0x00000188fd60ea40,
0x00000188fd60f970, 0x00000188fd60fe80, 0x00000188fd60ef50, 0x00000188fb1b92b0,
0x00000188fb1b8380, 0x00000188fb1ba6f0, 0x00000188fb1b97c0, 0x00000188fb1b9cd0,
0x00000188fb1b7960, 0x00000188fb1b7450, 0x00000188fb1ba1e0, 0x00000188fb1b8da0,
0x00000188fb1bac00, 0x00000188fb1bb110, 0x00000188fb1bb620, 0x00000188fb1b7e70,
0x00000188fb1bbb30, 0x00000188fb1bc040, 0x00000188fb1b8890, 0x00000188fb1bcf70,
0x00000188fb1be3b0, 0x00000188fb1bc550, 0x00000188fb1bd480, 0x00000188fb1be8c0,
0x00000188fb1bd990, 0x00000188fb1bca60, 0x00000188fb1bdea0, 0x00000188fb66f830,
0x00000188fb66fd40, 0x00000188fb670250, 0x00000188fb671690, 0x00000188fb670c70,
0x00000188fb66e3f0, 0x00000188fb671ba0, 0x00000188fb671180, 0x00000188fb670760,
0x00000188fb66dee0, 0x00000188fb6720b0, 0x00000188fb66e900, 0x00000188fb6725c0,
0x00000188fb66f320, 0x00000188fb66ee10, 0x00000188fb675860, 0x00000188fb672fe0,
0x00000188fb673a00, 0x00000188fb673f10, 0x00000188fb674420, 0x00000188fb6734f0,
0x00000188fb674930, 0x00000188fb674e40, 0x00000188fb675350, 0x00000188fb672ad0,
0x00000188fb59eb90, 0x00000188fb5a04e0, 0x00000188fb5a1410, 0x00000188fb59f0a0,
0x00000188fb5a1920, 0x00000188fb59ffd0, 0x00000188fb5a09f0, 0x00000188fb59e680,
0x00000188fb5a0f00, 0x00000188fb59e170, 0x00000188fb59f5b0, 0x00000188fb5a1e30,
0x00000188fb5a2340, 0x00000188fb5a2850, 0x00000188fb5a2d60, 0x00000188fb5a3270,
0x00000188fb59fac0, 0x00000188fb5a3c90, 0x00000188fb5a50d0, 0x00000188d8c5a9e0,
0x00000188fa522810, 0x00000188fa525090, 0x00000188fa522300, 0x00000188fa524670,
0x00000188fa524160, 0x00000188f82f9cc0
}

Java Threads: ( => current thread )
  0x00000188ba221a30 JavaThread "main" [_thread_blocked, id=15036, stack(0x000000706d500000,0x000000706d600000)]
  0x00000188d829f1a0 JavaThread "Reference Handler" daemon [_thread_blocked, id=27120, stack(0x000000706dc00000,0x000000706dd00000)]
  0x00000188d82a07e0 JavaThread "Finalizer" daemon [_thread_blocked, id=25096, stack(0x000000706dd00000,0x000000706de00000)]
  0x00000188d82c03a0 JavaThread "Signal Dispatcher" daemon [_thread_blocked, id=35616, stack(0x000000706de00000,0x000000706df00000)]
  0x00000188d82c0c70 JavaThread "Attach Listener" daemon [_thread_blocked, id=34272, stack(0x000000706df00000,0x000000706e000000)]
  0x00000188d82cb560 JavaThread "Service Thread" daemon [_thread_blocked, id=31144, stack(0x000000706e000000,0x000000706e100000)]
  0x00000188d82cc640 JavaThread "Monitor Deflation Thread" daemon [_thread_blocked, id=9516, stack(0x000000706e100000,0x000000706e200000)]
  0x00000188d82d2230 JavaThread "C2 CompilerThread0" daemon [_thread_in_native, id=25592, stack(0x000000706e200000,0x000000706e300000)]
  0x00000188d82d3930 JavaThread "C1 CompilerThread0" daemon [_thread_blocked, id=34440, stack(0x000000706e300000,0x000000706e400000)]
  0x00000188d82e0290 JavaThread "Sweeper thread" daemon [_thread_blocked, id=35344, stack(0x000000706e400000,0x000000706e500000)]
  0x00000188d8c57740 JavaThread "Common-Cleaner" daemon [_thread_blocked, id=11164, stack(0x000000706e500000,0x000000706e600000)]
  0x00000188d8c5a4d0 JavaThread "Notification Thread" daemon [_thread_blocked, id=6488, stack(0x000000706e700000,0x000000706e800000)]
  0x00000188d8c57c50 JavaThread "Daemon health stats" [_thread_blocked, id=27408, stack(0x000000706e600000,0x000000706e700000)]
  0x00000188d8c58160 JavaThread "Incoming local TCP Connector on port 59087" [_thread_in_native, id=25432, stack(0x000000706ed00000,0x000000706ee00000)]
  0x00000188d8c58670 JavaThread "Daemon periodic checks" [_thread_blocked, id=33108, stack(0x000000706ee00000,0x000000706ef00000)]
  0x00000188d8c595a0 JavaThread "Daemon" [_thread_blocked, id=9020, stack(0x000000706ef00000,0x000000706f000000)]
  0x00000188d8c5aef0 JavaThread "Handler for socket connection from /127.0.0.1:59087 to /127.0.0.1:59088" [_thread_in_native, id=30516, stack(0x000000706f000000,0x000000706f100000)]
  0x00000188d8c59ab0 JavaThread "Cancel handler" [_thread_blocked, id=34584, stack(0x000000706f100000,0x000000706f200000)]
  0x00000188d8c58b80 JavaThread "Daemon worker" [_thread_in_native, id=12208, stack(0x000000706f200000,0x000000706f300000)]
  0x00000188d8c59090 JavaThread "Asynchronous log dispatcher for DefaultDaemonConnection: socket connection from /127.0.0.1:59087 to /127.0.0.1:59088" [_thread_blocked, id=28976, stack(0x000000706f300000,0x000000706f400000)]
  0x00000188d8c59fc0 JavaThread "Stdin handler" [_thread_blocked, id=22116, stack(0x000000706f400000,0x000000706f500000)]
  0x00000188f96e29d0 JavaThread "Daemon client event forwarder" [_thread_blocked, id=9184, stack(0x000000706f500000,0x000000706f600000)]
  0x00000188f96e1590 JavaThread "Cache worker for journal cache (C:\Users\vj999\.gradle\caches\journal-1)" [_thread_in_vm, id=23428, stack(0x000000706f600000,0x000000706f700000)]
  0x00000188f96e2ee0 JavaThread "File lock request listener" [_thread_in_native, id=13652, stack(0x000000706f700000,0x000000706f800000)]
  0x00000188f96e1fb0 JavaThread "Cache worker for file hash cache (C:\Users\vj999\.gradle\caches\9.0.0\fileHashes)" [_thread_blocked, id=14300, stack(0x000000706f800000,0x000000706f900000)]
  0x00000188f96e0b70 JavaThread "Cache worker for file hash cache (D:\techpravaha\Vrikshamitra-SIH2K25\frontend\android\.gradle\9.0.0\fileHashes)" [_thread_blocked, id=17916, stack(0x0000007070100000,0x0000007070200000)]
  0x00000188f96e24c0 JavaThread "Cache worker for Build Output Cleanup Cache (D:\techpravaha\Vrikshamitra-SIH2K25\frontend\android\.gradle\buildOutputCleanup)" [_thread_blocked, id=30104, stack(0x0000007070200000,0x0000007070300000)]
  0x00000188f96df730 JavaThread "File watcher server" daemon [_thread_in_native, id=28348, stack(0x0000007070300000,0x0000007070400000)]
  0x00000188f96e1aa0 JavaThread "File watcher consumer" daemon [_thread_blocked, id=21644, stack(0x0000007070400000,0x0000007070500000)]
  0x00000188f96dfc40 JavaThread "Cache worker for checksums cache (D:\techpravaha\Vrikshamitra-SIH2K25\frontend\android\.gradle\9.0.0\checksums)" [_thread_blocked, id=32744, stack(0x0000007070500000,0x0000007070600000)]
  0x00000188f96e3900 JavaThread "Cache worker for file content cache (C:\Users\vj999\.gradle\caches\9.0.0\fileContent)" [_thread_blocked, id=32680, stack(0x0000007070600000,0x0000007070700000)]
  0x00000188f96e0150 JavaThread "Cache worker for cache directory md-supplier (C:\Users\vj999\.gradle\caches\9.0.0\md-supplier)" [_thread_blocked, id=16152, stack(0x0000007070700000,0x0000007070800000)]
  0x00000188f96e4830 JavaThread "Cache worker for cache directory md-rule (C:\Users\vj999\.gradle\caches\9.0.0\md-rule)" [_thread_blocked, id=30476, stack(0x0000007070800000,0x0000007070900000)]
  0x00000188f96e5760 JavaThread "jar transforms" [_thread_blocked, id=19672, stack(0x0000007070a00000,0x0000007070b00000)]
  0x00000188f96e6180 JavaThread "Cache worker for Build Output Cleanup Cache (D:\techpravaha\Vrikshamitra-SIH2K25\frontend\node_modules\@react-native\gradle-plugin\.gradle\buildOutputCleanup)" [_thread_blocked, id=20700, stack(0x0000007070b00000,0x0000007070c00000)]
  0x00000188f96e5250 JavaThread "Unconstrained build operations" [_thread_blocked, id=5468, stack(0x0000007070c00000,0x0000007070d00000)]
  0x00000188f96e6ba0 JavaThread "Unconstrained build operations Thread 2" [_thread_blocked, id=7132, stack(0x0000007070d00000,0x0000007070e00000)]
  0x00000188f96e70b0 JavaThread "Unconstrained build operations Thread 3" [_thread_blocked, id=7096, stack(0x0000007070e00000,0x0000007070f00000)]
  0x00000188f96e4320 JavaThread "Unconstrained build operations Thread 4" [_thread_blocked, id=22296, stack(0x0000007070f00000,0x0000007071000000)]
  0x00000188f96e4d40 JavaThread "Unconstrained build operations Thread 5" [_thread_blocked, id=25540, stack(0x0000007071000000,0x0000007071100000)]
  0x00000188fc1d7950 JavaThread "Unconstrained build operations Thread 6" [_thread_blocked, id=15620, stack(0x0000007071100000,0x0000007071200000)]
  0x00000188fc1d6000 JavaThread "Unconstrained build operations Thread 7" [_thread_blocked, id=9540, stack(0x0000007071200000,0x0000007071300000)]
  0x00000188fc1d55e0 JavaThread "Unconstrained build operations Thread 8" [_thread_blocked, id=8804, stack(0x0000007071300000,0x0000007071400000)]
  0x00000188fc1d50d0 JavaThread "Unconstrained build operations Thread 9" [_thread_blocked, id=9996, stack(0x0000007071400000,0x0000007071500000)]
  0x00000188fc1d6a20 JavaThread "Unconstrained build operations Thread 10" [_thread_blocked, id=17412, stack(0x0000007071500000,0x0000007071600000)]
  0x00000188fc1d7440 JavaThread "Unconstrained build operations Thread 11" [_thread_blocked, id=30736, stack(0x0000007071600000,0x0000007071700000)]
  0x00000188fc1d6f30 JavaThread "Unconstrained build operations Thread 12" [_thread_blocked, id=6932, stack(0x0000007071700000,0x0000007071800000)]
  0x00000188fc1d7e60 JavaThread "Unconstrained build operations Thread 13" [_thread_blocked, id=27356, stack(0x0000007071800000,0x0000007071900000)]
  0x00000188fc1d9cc0 JavaThread "Unconstrained build operations Thread 14" [_thread_blocked, id=13528, stack(0x0000007071900000,0x0000007071a00000)]
  0x00000188fc1d8d90 JavaThread "Unconstrained build operations Thread 15" [_thread_blocked, id=25184, stack(0x0000007071a00000,0x0000007071b00000)]
  0x00000188fc1d8370 JavaThread "Unconstrained build operations Thread 16" [_thread_blocked, id=16804, stack(0x0000007071b00000,0x0000007071c00000)]
  0x00000188fc1d8880 JavaThread "Unconstrained build operations Thread 17" [_thread_blocked, id=34596, stack(0x0000007071c00000,0x0000007071d00000)]
  0x00000188fc1d92a0 JavaThread "Unconstrained build operations Thread 18" [_thread_blocked, id=18136, stack(0x0000007071d00000,0x0000007071e00000)]
  0x00000188fc1d97b0 JavaThread "Unconstrained build operations Thread 19" [_thread_blocked, id=29960, stack(0x0000007071e00000,0x0000007071f00000)]
  0x00000188fc1d6510 JavaThread "Unconstrained build operations Thread 20" [_thread_blocked, id=19424, stack(0x0000007071f00000,0x0000007072000000)]
  0x00000188fc1dc540 JavaThread "Unconstrained build operations Thread 21" [_thread_blocked, id=22060, stack(0x0000007072000000,0x0000007072100000)]
  0x00000188fc1dca50 JavaThread "Unconstrained build operations Thread 22" [_thread_blocked, id=27692, stack(0x0000007072100000,0x0000007072200000)]
  0x00000188fc1da6e0 JavaThread "Unconstrained build operations Thread 23" [_thread_blocked, id=8832, stack(0x0000007072200000,0x0000007072300000)]
  0x00000188fc1da1d0 JavaThread "Unconstrained build operations Thread 24" [_thread_blocked, id=12876, stack(0x0000007072300000,0x0000007072400000)]
  0x00000188fc1dabf0 JavaThread "Unconstrained build operations Thread 25" [_thread_blocked, id=29444, stack(0x0000007072400000,0x0000007072500000)]
  0x00000188fc1db100 JavaThread "Unconstrained build operations Thread 26" [_thread_blocked, id=33472, stack(0x0000007072500000,0x0000007072600000)]
  0x00000188fc1db610 JavaThread "Unconstrained build operations Thread 27" [_thread_blocked, id=15456, stack(0x0000007072600000,0x0000007072700000)]
  0x00000188fc1dbb20 JavaThread "Unconstrained build operations Thread 28" [_thread_blocked, id=30448, stack(0x0000007072700000,0x0000007072800000)]
  0x00000188fc1dc030 JavaThread "Unconstrained build operations Thread 29" [_thread_blocked, id=34352, stack(0x0000007072800000,0x0000007072900000)]
  0x00000188f96e0660 JavaThread "Unconstrained build operations Thread 30" [_thread_blocked, id=25760, stack(0x0000007072900000,0x0000007072a00000)]
  0x00000188fba432f0 JavaThread "Unconstrained build operations Thread 31" [_thread_blocked, id=35428, stack(0x0000007072a00000,0x0000007072b00000)]
  0x00000188fba419a0 JavaThread "Unconstrained build operations Thread 32" [_thread_blocked, id=35572, stack(0x0000007072b00000,0x0000007072c00000)]
  0x00000188fba428d0 JavaThread "Unconstrained build operations Thread 33" [_thread_blocked, id=32252, stack(0x0000007072c00000,0x0000007072d00000)]
  0x00000188fba43800 JavaThread "Unconstrained build operations Thread 34" [_thread_blocked, id=18172, stack(0x0000007072d00000,0x0000007072e00000)]
  0x00000188fba40050 JavaThread "Unconstrained build operations Thread 35" [_thread_blocked, id=13736, stack(0x0000007072e00000,0x0000007072f00000)]
  0x00000188fba40560 JavaThread "Unconstrained build operations Thread 36" [_thread_blocked, id=32368, stack(0x0000007072f00000,0x0000007073000000)]
  0x00000188fba42de0 JavaThread "Unconstrained build operations Thread 37" [_thread_blocked, id=7940, stack(0x0000007073000000,0x0000007073100000)]
  0x00000188fba423c0 JavaThread "Unconstrained build operations Thread 38" [_thread_blocked, id=22380, stack(0x0000007073100000,0x0000007073200000)]
  0x00000188fba43d10 JavaThread "Unconstrained build operations Thread 39" [_thread_blocked, id=6784, stack(0x0000007073200000,0x0000007073300000)]
  0x00000188fba41eb0 JavaThread "build event listener" [_thread_blocked, id=29524, stack(0x0000007073300000,0x0000007073400000)]
  0x00000188fba44220 JavaThread "Memory manager" [_thread_blocked, id=19268, stack(0x000000706fe00000,0x000000706ff00000)]
  0x00000188fba45150 JavaThread "ForkJoinPool.commonPool-worker-1" daemon [_thread_blocked, id=16720, stack(0x0000007073400000,0x0000007073500000)]
  0x00000188fba46fb0 JavaThread "ForkJoinPool.commonPool-worker-2" daemon [_thread_blocked, id=30112, stack(0x0000007073500000,0x0000007073600000)]
  0x00000188fba479d0 JavaThread "ForkJoinPool.commonPool-worker-3" daemon [_thread_blocked, id=19608, stack(0x0000007073600000,0x0000007073700000)]
  0x00000188fba44c40 JavaThread "ForkJoinPool.commonPool-worker-4" daemon [_thread_blocked, id=5936, stack(0x0000007073700000,0x0000007073800000)]
  0x00000188fba46aa0 JavaThread "ForkJoinPool.commonPool-worker-5" daemon [_thread_blocked, id=34496, stack(0x0000007073800000,0x0000007073900000)]
  0x00000188fba474c0 JavaThread "ForkJoinPool.commonPool-worker-6" daemon [_thread_blocked, id=26436, stack(0x0000007073900000,0x0000007073a00000)]
  0x00000188fba45660 JavaThread "ForkJoinPool.commonPool-worker-7" daemon [_thread_blocked, id=19956, stack(0x0000007073a00000,0x0000007073b00000)]
  0x00000188fba46590 JavaThread "ForkJoinPool.commonPool-worker-9" daemon [_thread_blocked, id=24400, stack(0x0000007073b00000,0x0000007073c00000)]
  0x00000188fba45b70 JavaThread "ForkJoinPool.commonPool-worker-8" daemon [_thread_blocked, id=13784, stack(0x0000007073c00000,0x0000007073d00000)]
  0x00000188fba46080 JavaThread "ForkJoinPool.commonPool-worker-10" daemon [_thread_blocked, id=15896, stack(0x0000007073d00000,0x0000007073e00000)]
  0x00000188fb3023d0 JavaThread "ForkJoinPool.commonPool-worker-11" daemon [_thread_blocked, id=9800, stack(0x0000007073e00000,0x0000007073f00000)]
  0x00000188fb303300 JavaThread "Exec process" [_thread_blocked, id=27360, stack(0x0000007073f00000,0x0000007074000000)]
  0x00000188fb301ec0 JavaThread "Exec process Thread 2" [_thread_blocked, id=12704, stack(0x0000007074000000,0x0000007074100000)]
  0x00000188fb3028e0 JavaThread "Exec process Thread 3" [_thread_blocked, id=28668, stack(0x0000007074100000,0x0000007074200000)]
  0x00000188fb304230 JavaThread "included builds" [_thread_blocked, id=32156, stack(0x0000007074400000,0x0000007074500000)]
  0x00000188fb302df0 JavaThread "Execution worker" [_thread_blocked, id=25068, stack(0x0000007074500000,0x0000007074600000)]
  0x00000188fb303810 JavaThread "Execution worker Thread 2" [_thread_blocked, id=23508, stack(0x0000007074600000,0x0000007074700000)]
  0x00000188fb304740 JavaThread "Execution worker Thread 3" [_thread_blocked, id=18364, stack(0x0000007074700000,0x0000007074800000)]
  0x00000188fb303d20 JavaThread "Execution worker Thread 4" [_thread_blocked, id=32340, stack(0x0000007074800000,0x0000007074900000)]
  0x00000188fb304c50 JavaThread "Execution worker Thread 5" [_thread_blocked, id=28500, stack(0x0000007074900000,0x0000007074a00000)]
  0x00000188fb3014a0 JavaThread "Execution worker Thread 6" [_thread_blocked, id=25268, stack(0x0000007074a00000,0x0000007074b00000)]
  0x00000188fb3019b0 JavaThread "Execution worker Thread 7" [_thread_blocked, id=13124, stack(0x0000007074b00000,0x0000007074c00000)]
  0x00000188fd609430 JavaThread "Execution worker Thread 8" [_thread_blocked, id=33740, stack(0x0000007074c00000,0x0000007074d00000)]
  0x00000188fd60ad80 JavaThread "Execution worker Thread 9" [_thread_blocked, id=23032, stack(0x0000007074d00000,0x0000007074e00000)]
  0x00000188fd60b290 JavaThread "Execution worker Thread 10" [_thread_blocked, id=34828, stack(0x0000007074e00000,0x0000007074f00000)]
  0x00000188fd609940 JavaThread "Execution worker Thread 11" [_thread_blocked, id=24656, stack(0x0000007074f00000,0x0000007075000000)]
  0x00000188fd609e50 JavaThread "Cache worker for execution history cache (D:\techpravaha\Vrikshamitra-SIH2K25\frontend\node_modules\@react-native\gradle-plugin\.gradle\9.0.0\executionHistory)" [_thread_blocked, id=31648, stack(0x0000007075000000,0x0000007075100000)]
  0x00000188fd60b7a0 JavaThread "Unconstrained build operations Thread 40" [_thread_blocked, id=30704, stack(0x0000007075100000,0x0000007075200000)]
  0x00000188fd60bcb0 JavaThread "Unconstrained build operations Thread 41" [_thread_blocked, id=26264, stack(0x0000007075200000,0x0000007075300000)]
  0x00000188fd60a360 JavaThread "Unconstrained build operations Thread 42" [_thread_blocked, id=25552, stack(0x0000007075300000,0x0000007075400000)]
  0x00000188fd608f20 JavaThread "Unconstrained build operations Thread 43" [_thread_blocked, id=26232, stack(0x0000007075400000,0x0000007075500000)]
  0x00000188fd60a870 JavaThread "Unconstrained build operations Thread 44" [_thread_blocked, id=29780, stack(0x0000007075500000,0x0000007075600000)]
  0x00000188fd608500 JavaThread "Unconstrained build operations Thread 45" [_thread_blocked, id=24180, stack(0x0000007075600000,0x0000007075700000)]
  0x00000188fd60c1c0 JavaThread "Unconstrained build operations Thread 46" [_thread_blocked, id=11408, stack(0x0000007075700000,0x0000007075800000)]
  0x00000188fd608a10 JavaThread "Unconstrained build operations Thread 47" [_thread_blocked, id=6812, stack(0x0000007075800000,0x0000007075900000)]
  0x00000188fd60cbe0 JavaThread "Unconstrained build operations Thread 48" [_thread_blocked, id=21964, stack(0x0000007075900000,0x0000007075a00000)]
  0x00000188fd60d0f0 JavaThread "Unconstrained build operations Thread 49" [_thread_blocked, id=2664, stack(0x0000007075a00000,0x0000007075b00000)]
  0x00000188fd60e020 JavaThread "Unconstrained build operations Thread 50" [_thread_blocked, id=26544, stack(0x0000007075b00000,0x0000007075c00000)]
  0x00000188fd60d600 JavaThread "Unconstrained build operations Thread 51" [_thread_blocked, id=28936, stack(0x0000007075c00000,0x0000007075d00000)]
  0x00000188fd60db10 JavaThread "Unconstrained build operations Thread 52" [_thread_blocked, id=32060, stack(0x0000007075d00000,0x0000007075e00000)]
  0x00000188fd60c6d0 JavaThread "Unconstrained build operations Thread 53" [_thread_blocked, id=18832, stack(0x0000007075e00000,0x0000007075f00000)]
  0x00000188fd60f460 JavaThread "Unconstrained build operations Thread 54" [_thread_blocked, id=22844, stack(0x0000007075f00000,0x0000007076000000)]
  0x00000188fd60e530 JavaThread "Unconstrained build operations Thread 55" [_thread_blocked, id=32800, stack(0x0000007076000000,0x0000007076100000)]
  0x00000188fd60ea40 JavaThread "Unconstrained build operations Thread 56" [_thread_blocked, id=3172, stack(0x0000007076100000,0x0000007076200000)]
  0x00000188fd60f970 JavaThread "Unconstrained build operations Thread 57" [_thread_blocked, id=34652, stack(0x0000007076200000,0x0000007076300000)]
  0x00000188fd60fe80 JavaThread "Unconstrained build operations Thread 58" [_thread_blocked, id=14204, stack(0x0000007076300000,0x0000007076400000)]
  0x00000188fd60ef50 JavaThread "Unconstrained build operations Thread 59" [_thread_blocked, id=23980, stack(0x0000007076400000,0x0000007076500000)]
  0x00000188fb1b92b0 JavaThread "Unconstrained build operations Thread 60" [_thread_blocked, id=28008, stack(0x0000007076500000,0x0000007076600000)]
  0x00000188fb1b8380 JavaThread "Unconstrained build operations Thread 61" [_thread_blocked, id=8236, stack(0x0000007076600000,0x0000007076700000)]
  0x00000188fb1ba6f0 JavaThread "Unconstrained build operations Thread 62" [_thread_blocked, id=30616, stack(0x0000007076700000,0x0000007076800000)]
  0x00000188fb1b97c0 JavaThread "Unconstrained build operations Thread 63" [_thread_blocked, id=30776, stack(0x0000007076800000,0x0000007076900000)]
  0x00000188fb1b9cd0 JavaThread "Unconstrained build operations Thread 64" [_thread_blocked, id=32312, stack(0x0000007076900000,0x0000007076a00000)]
  0x00000188fb1b7960 JavaThread "Unconstrained build operations Thread 65" [_thread_blocked, id=33252, stack(0x0000007076a00000,0x0000007076b00000)]
  0x00000188fb1b7450 JavaThread "Unconstrained build operations Thread 66" [_thread_blocked, id=31724, stack(0x0000007076b00000,0x0000007076c00000)]
  0x00000188fb1ba1e0 JavaThread "Unconstrained build operations Thread 67" [_thread_blocked, id=26152, stack(0x0000007076c00000,0x0000007076d00000)]
  0x00000188fb1b8da0 JavaThread "Unconstrained build operations Thread 68" [_thread_blocked, id=23540, stack(0x0000007076d00000,0x0000007076e00000)]
  0x00000188fb1bac00 JavaThread "Unconstrained build operations Thread 69" [_thread_blocked, id=27352, stack(0x0000007076e00000,0x0000007076f00000)]
  0x00000188fb1bb110 JavaThread "Unconstrained build operations Thread 70" [_thread_blocked, id=30452, stack(0x0000007076f00000,0x0000007077000000)]
  0x00000188fb1bb620 JavaThread "Unconstrained build operations Thread 71" [_thread_blocked, id=26564, stack(0x0000007077000000,0x0000007077100000)]
  0x00000188fb1b7e70 JavaThread "Unconstrained build operations Thread 72" [_thread_blocked, id=19932, stack(0x0000007077100000,0x0000007077200000)]
  0x00000188fb1bbb30 JavaThread "Unconstrained build operations Thread 73" [_thread_blocked, id=30472, stack(0x0000007077200000,0x0000007077300000)]
  0x00000188fb1bc040 JavaThread "Unconstrained build operations Thread 74" [_thread_blocked, id=27708, stack(0x0000007077300000,0x0000007077400000)]
  0x00000188fb1b8890 JavaThread "Unconstrained build operations Thread 75" [_thread_blocked, id=25160, stack(0x0000007077400000,0x0000007077500000)]
  0x00000188fb1bcf70 JavaThread "Unconstrained build operations Thread 76" [_thread_blocked, id=5972, stack(0x0000007077500000,0x0000007077600000)]
  0x00000188fb1be3b0 JavaThread "Unconstrained build operations Thread 77" [_thread_blocked, id=21784, stack(0x0000007077600000,0x0000007077700000)]
  0x00000188fb1bc550 JavaThread "Unconstrained build operations Thread 78" [_thread_blocked, id=7392, stack(0x0000007077700000,0x0000007077800000)]
  0x00000188fb1bd480 JavaThread "Unconstrained build operations Thread 79" [_thread_blocked, id=9860, stack(0x0000007077800000,0x0000007077900000)]
  0x00000188fb1be8c0 JavaThread "Unconstrained build operations Thread 80" [_thread_blocked, id=26476, stack(0x0000007077900000,0x0000007077a00000)]
  0x00000188fb1bd990 JavaThread "Unconstrained build operations Thread 81" [_thread_blocked, id=19596, stack(0x0000007077a00000,0x0000007077b00000)]
  0x00000188fb1bca60 JavaThread "Unconstrained build operations Thread 82" [_thread_blocked, id=29944, stack(0x0000007077b00000,0x0000007077c00000)]
  0x00000188fb1bdea0 JavaThread "Unconstrained build operations Thread 83" [_thread_blocked, id=23132, stack(0x0000007077c00000,0x0000007077d00000)]
  0x00000188fb66f830 JavaThread "Unconstrained build operations Thread 84" [_thread_blocked, id=31904, stack(0x0000007077d00000,0x0000007077e00000)]
  0x00000188fb66fd40 JavaThread "Unconstrained build operations Thread 85" [_thread_blocked, id=24364, stack(0x0000007077e00000,0x0000007077f00000)]
  0x00000188fb670250 JavaThread "Unconstrained build operations Thread 86" [_thread_blocked, id=34224, stack(0x0000007077f00000,0x0000007078000000)]
  0x00000188fb671690 JavaThread "Unconstrained build operations Thread 87" [_thread_blocked, id=4844, stack(0x0000007078000000,0x0000007078100000)]
  0x00000188fb670c70 JavaThread "Unconstrained build operations Thread 88" [_thread_blocked, id=33920, stack(0x0000007078100000,0x0000007078200000)]
  0x00000188fb66e3f0 JavaThread "Unconstrained build operations Thread 89" [_thread_blocked, id=12184, stack(0x0000007078200000,0x0000007078300000)]
  0x00000188fb671ba0 JavaThread "Unconstrained build operations Thread 90" [_thread_blocked, id=28764, stack(0x0000007078300000,0x0000007078400000)]
  0x00000188fb671180 JavaThread "Unconstrained build operations Thread 91" [_thread_blocked, id=7904, stack(0x0000007078400000,0x0000007078500000)]
  0x00000188fb670760 JavaThread "Unconstrained build operations Thread 92" [_thread_blocked, id=32556, stack(0x0000007078500000,0x0000007078600000)]
  0x00000188fb66dee0 JavaThread "Unconstrained build operations Thread 93" [_thread_blocked, id=34468, stack(0x0000007078600000,0x0000007078700000)]
  0x00000188fb6720b0 JavaThread "Unconstrained build operations Thread 94" [_thread_blocked, id=24356, stack(0x0000007078700000,0x0000007078800000)]
  0x00000188fb66e900 JavaThread "Unconstrained build operations Thread 95" [_thread_blocked, id=9284, stack(0x0000007078800000,0x0000007078900000)]
  0x00000188fb6725c0 JavaThread "Unconstrained build operations Thread 96" [_thread_blocked, id=35200, stack(0x0000007078900000,0x0000007078a00000)]
  0x00000188fb66f320 JavaThread "Unconstrained build operations Thread 97" [_thread_blocked, id=30056, stack(0x0000007078a00000,0x0000007078b00000)]
  0x00000188fb66ee10 JavaThread "Unconstrained build operations Thread 98" [_thread_blocked, id=29088, stack(0x0000007078b00000,0x0000007078c00000)]
  0x00000188fb675860 JavaThread "Unconstrained build operations Thread 99" [_thread_blocked, id=33312, stack(0x0000007078c00000,0x0000007078d00000)]
  0x00000188fb672fe0 JavaThread "Unconstrained build operations Thread 100" [_thread_blocked, id=31772, stack(0x0000007078d00000,0x0000007078e00000)]
  0x00000188fb673a00 JavaThread "Unconstrained build operations Thread 101" [_thread_blocked, id=2988, stack(0x0000007078e00000,0x0000007078f00000)]
  0x00000188fb673f10 JavaThread "Unconstrained build operations Thread 102" [_thread_blocked, id=15296, stack(0x0000007078f00000,0x0000007079000000)]
  0x00000188fb674420 JavaThread "Unconstrained build operations Thread 103" [_thread_in_vm, id=2668, stack(0x0000007079000000,0x0000007079100000)]
  0x00000188fb6734f0 JavaThread "Unconstrained build operations Thread 104" [_thread_blocked, id=33880, stack(0x0000007079100000,0x0000007079200000)]
  0x00000188fb674930 JavaThread "Unconstrained build operations Thread 105" [_thread_blocked, id=33688, stack(0x0000007079200000,0x0000007079300000)]
  0x00000188fb674e40 JavaThread "Unconstrained build operations Thread 106" [_thread_blocked, id=28980, stack(0x0000007079300000,0x0000007079400000)]
  0x00000188fb675350 JavaThread "Unconstrained build operations Thread 107" [_thread_blocked, id=25604, stack(0x0000007079400000,0x0000007079500000)]
  0x00000188fb672ad0 JavaThread "Unconstrained build operations Thread 108" [_thread_in_native, id=24876, stack(0x0000007079500000,0x0000007079600000)]
  0x00000188fb59eb90 JavaThread "Unconstrained build operations Thread 109" [_thread_blocked, id=22936, stack(0x0000007079600000,0x0000007079700000)]
  0x00000188fb5a04e0 JavaThread "Unconstrained build operations Thread 110" [_thread_blocked, id=7384, stack(0x0000007079700000,0x0000007079800000)]
  0x00000188fb5a1410 JavaThread "Unconstrained build operations Thread 111" [_thread_blocked, id=21524, stack(0x0000007079800000,0x0000007079900000)]
  0x00000188fb59f0a0 JavaThread "Unconstrained build operations Thread 112" [_thread_blocked, id=14364, stack(0x0000007079900000,0x0000007079a00000)]
  0x00000188fb5a1920 JavaThread "jar transforms Thread 2" [_thread_blocked, id=16228, stack(0x0000007079a00000,0x0000007079b00000)]
  0x00000188fb59ffd0 JavaThread "jar transforms Thread 3" [_thread_blocked, id=35072, stack(0x0000007079b00000,0x0000007079c00000)]
  0x00000188fb5a09f0 JavaThread "Unconstrained build operations Thread 113" [_thread_blocked, id=21732, stack(0x0000007074300000,0x0000007074400000)]
  0x00000188fb59e680 JavaThread "Unconstrained build operations Thread 114" [_thread_blocked, id=20300, stack(0x0000007079c00000,0x0000007079d00000)]
  0x00000188fb5a0f00 JavaThread "Unconstrained build operations Thread 115" [_thread_blocked, id=16284, stack(0x0000007079d00000,0x0000007079e00000)]
  0x00000188fb59e170 JavaThread "Unconstrained build operations Thread 116" [_thread_blocked, id=2928, stack(0x0000007079e00000,0x0000007079f00000)]
  0x00000188fb59f5b0 JavaThread "Unconstrained build operations Thread 117" [_thread_blocked, id=33440, stack(0x0000007079f00000,0x000000707a000000)]
  0x00000188fb5a1e30 JavaThread "Unconstrained build operations Thread 118" [_thread_blocked, id=22864, stack(0x000000707a000000,0x000000707a100000)]
  0x00000188fb5a2340 JavaThread "Unconstrained build operations Thread 119" [_thread_blocked, id=11456, stack(0x000000707a100000,0x000000707a200000)]
  0x00000188fb5a2850 JavaThread "Unconstrained build operations Thread 120" [_thread_blocked, id=10132, stack(0x000000707a200000,0x000000707a300000)]
  0x00000188fb5a2d60 JavaThread "jar transforms Thread 4" [_thread_blocked, id=23092, stack(0x000000707a300000,0x000000707a400000)]
  0x00000188fb5a3270 JavaThread "jar transforms Thread 5" [_thread_blocked, id=3032, stack(0x000000707a400000,0x000000707a500000)]
  0x00000188fb59fac0 JavaThread "jar transforms Thread 6" [_thread_blocked, id=19252, stack(0x000000707a500000,0x000000707a600000)]
  0x00000188fb5a3c90 JavaThread "build event listener" [_thread_blocked, id=33072, stack(0x000000707a600000,0x000000707a700000)]
  0x00000188fb5a50d0 JavaThread "Problems report writer" [_thread_blocked, id=24596, stack(0x0000007074200000,0x0000007074300000)]
  0x00000188d8c5a9e0 JavaThread "jar transforms Thread 7" [_thread_blocked, id=27720, stack(0x000000707a900000,0x000000707aa00000)]
  0x00000188fa522810 JavaThread "jar transforms Thread 8" [_thread_blocked, id=27592, stack(0x000000707ac00000,0x000000707ad00000)]
  0x00000188fa525090 JavaThread "jar transforms Thread 9" [_thread_blocked, id=6748, stack(0x000000707ad00000,0x000000707ae00000)]
  0x00000188fa522300 JavaThread "jar transforms Thread 10" [_thread_blocked, id=26556, stack(0x000000707ae00000,0x000000707af00000)]
  0x00000188fa524670 JavaThread "jar transforms Thread 11" [_thread_blocked, id=20392, stack(0x000000707af00000,0x000000707b000000)]
  0x00000188fa524160 JavaThread "jar transforms Thread 12" [_thread_blocked, id=29964, stack(0x000000707b000000,0x000000707b100000)]
=>0x00000188f82f9cc0 JavaThread "C2 CompilerThread1" daemon [_thread_in_native, id=27672, stack(0x000000707a700000,0x000000707a800000)]

Other Threads:
  0x00000188d8299630 VMThread "VM Thread" [stack: 0x000000706db00000,0x000000706dc00000] [id=32912]
  0x00000188ba2227c0 WatcherThread [stack: 0x000000706e800000,0x000000706e900000] [id=32440]
  0x00000188ba27ea70 GCTaskThread "GC Thread#0" [stack: 0x000000706d600000,0x000000706d700000] [id=34348]
  0x00000188f8326830 GCTaskThread "GC Thread#1" [stack: 0x000000706e900000,0x000000706ea00000] [id=12484]
  0x00000188f81a4230 GCTaskThread "GC Thread#2" [stack: 0x000000706ea00000,0x000000706eb00000] [id=34308]
  0x00000188f8a2ee70 GCTaskThread "GC Thread#3" [stack: 0x000000706eb00000,0x000000706ec00000] [id=33484]
  0x00000188f89555c0 GCTaskThread "GC Thread#4" [stack: 0x000000706ec00000,0x000000706ed00000] [id=27856]
  0x00000188fa075bc0 GCTaskThread "GC Thread#5" [stack: 0x000000706f900000,0x000000706fa00000] [id=6328]
  0x00000188fa72bbc0 GCTaskThread "GC Thread#6" [stack: 0x000000706fa00000,0x000000706fb00000] [id=21976]
  0x00000188f9c5bf30 GCTaskThread "GC Thread#7" [stack: 0x000000706fb00000,0x000000706fc00000] [id=14120]
  0x00000188f9e367f0 GCTaskThread "GC Thread#8" [stack: 0x000000706fc00000,0x000000706fd00000] [id=17324]
  0x00000188f9e85ff0 GCTaskThread "GC Thread#9" [stack: 0x000000706fd00000,0x000000706fe00000] [id=2360]
  0x00000188ba2905a0 ConcurrentGCThread "G1 Main Marker" [stack: 0x000000706d700000,0x000000706d800000] [id=25300]
  0x00000188ba290ed0 ConcurrentGCThread "G1 Conc#0" [stack: 0x000000706d800000,0x000000706d900000] [id=35396]
  0x00000188f9d61a30 ConcurrentGCThread "G1 Conc#1" [stack: 0x000000706ff00000,0x0000007070000000] [id=18844]
  0x00000188faf24600 ConcurrentGCThread "G1 Conc#2" [stack: 0x0000007070000000,0x0000007070100000] [id=27556]
  0x00000188ba2caa60 ConcurrentGCThread "G1 Refine#0" [stack: 0x000000706d900000,0x000000706da00000] [id=32652]
  0x00000188fb3a16e0 ConcurrentGCThread "G1 Refine#1" [stack: 0x0000007070900000,0x0000007070a00000] [id=15344]
  0x00000188ba2cb240 ConcurrentGCThread "G1 Service" [stack: 0x000000706da00000,0x000000706db00000] [id=3224]

Threads with active compile tasks:
C2 CompilerThread0    45941 16357       4       java.lang.invoke.MethodHandleImpl::makePairwiseConvertByEditor (627 bytes)
C2 CompilerThread1    45941 16454       4       groovy.lang.MetaClassImpl::addMetaMethodToIndex (65 bytes)

VM state: not at safepoint (normal execution)

VM Mutex/Monitor currently owned by a thread: None

Heap address: 0x0000000080000000, size: 2048 MB, Compressed Oops mode: 32-bit

CDS archive(s) mapped at: [0x00000188d9000000-0x00000188d9bb0000-0x00000188d9bb0000), size 12255232, SharedBaseAddress: 0x00000188d9000000, ArchiveRelocationMode: 1.
Compressed class space mapped at: 0x00000188da000000-0x00000188f4000000, reserved size: 436207616
Narrow klass base: 0x00000188d9000000, Narrow klass shift: 0, Narrow klass range: 0x100000000

GC Precious Log:
 CPUs: 12 total, 12 available
 Memory: 7381M
 Large Page Support: Disabled
 NUMA Support: Disabled
 Compressed Oops: Enabled (32-bit)
 Heap Region Size: 1M
 Heap Min Capacity: 8M
 Heap Initial Capacity: 116M
 Heap Max Capacity: 2G
 Pre-touch: Disabled
 Parallel Workers: 10
 Concurrent Workers: 3
 Concurrent Refinement Workers: 10
 Periodic GC: Disabled

Heap:
 garbage-first heap   total 330752K, used 258138K [0x0000000080000000, 0x0000000100000000)
  region size 1024K, 48 young (49152K), 3 survivors (3072K)
 Metaspace       used 106176K, committed 107904K, reserved 557056K
  class space    used 14866K, committed 15680K, reserved 425984K

Heap Regions: E=young(eden), S=young(survivor), O=old, HS=humongous(starts), HC=humongous(continues), CS=collection set, F=free, OA=open archive, CA=closed archive, TAMS=top-at-mark-start (previous, next)
|   0|0x0000000080000000, 0x0000000080100000, 0x0000000080100000|100%|HS|  |TAMS 0x0000000080100000, 0x0000000080000000| Complete 
|   1|0x0000000080100000, 0x0000000080200000, 0x0000000080200000|100%|HC|  |TAMS 0x0000000080200000, 0x0000000080100000| Complete 
|   2|0x0000000080200000, 0x0000000080300000, 0x0000000080300000|100%|HC|  |TAMS 0x0000000080300000, 0x0000000080200000| Complete 
|   3|0x0000000080300000, 0x0000000080400000, 0x0000000080400000|100%| O|  |TAMS 0x0000000080400000, 0x0000000080300000| Untracked 
|   4|0x0000000080400000, 0x0000000080500000, 0x0000000080500000|100%| O|  |TAMS 0x0000000080500000, 0x0000000080400000| Untracked 
|   5|0x0000000080500000, 0x0000000080600000, 0x0000000080600000|100%| O|  |TAMS 0x0000000080600000, 0x0000000080500000| Untracked 
|   6|0x0000000080600000, 0x0000000080700000, 0x0000000080700000|100%|HS|  |TAMS 0x0000000080700000, 0x0000000080600000| Complete 
|   7|0x0000000080700000, 0x0000000080800000, 0x0000000080800000|100%| O|  |TAMS 0x0000000080800000, 0x0000000080700000| Untracked 
|   8|0x0000000080800000, 0x0000000080900000, 0x0000000080900000|100%| O|  |TAMS 0x0000000080900000, 0x0000000080800000| Untracked 
|   9|0x0000000080900000, 0x0000000080a00000, 0x0000000080a00000|100%| O|  |TAMS 0x0000000080a00000, 0x0000000080900000| Untracked 
|  10|0x0000000080a00000, 0x0000000080b00000, 0x0000000080b00000|100%| O|  |TAMS 0x0000000080b00000, 0x0000000080a00000| Untracked 
|  11|0x0000000080b00000, 0x0000000080c00000, 0x0000000080c00000|100%| O|  |TAMS 0x0000000080c00000, 0x0000000080b00000| Untracked 
|  12|0x0000000080c00000, 0x0000000080d00000, 0x0000000080d00000|100%| O|  |TAMS 0x0000000080d00000, 0x0000000080c00000| Untracked 
|  13|0x0000000080d00000, 0x0000000080e00000, 0x0000000080e00000|100%| O|  |TAMS 0x0000000080e00000, 0x0000000080d00000| Untracked 
|  14|0x0000000080e00000, 0x0000000080f00000, 0x0000000080f00000|100%| O|  |TAMS 0x0000000080f00000, 0x0000000080e00000| Untracked 
|  15|0x0000000080f00000, 0x0000000081000000, 0x0000000081000000|100%| O|  |TAMS 0x0000000081000000, 0x0000000080f00000| Untracked 
|  16|0x0000000081000000, 0x0000000081100000, 0x0000000081100000|100%| O|  |TAMS 0x0000000081100000, 0x0000000081000000| Untracked 
|  17|0x0000000081100000, 0x0000000081200000, 0x0000000081200000|100%| O|  |TAMS 0x0000000081200000, 0x0000000081100000| Untracked 
|  18|0x0000000081200000, 0x0000000081300000, 0x0000000081300000|100%| O|  |TAMS 0x0000000081300000, 0x0000000081200000| Untracked 
|  19|0x0000000081300000, 0x0000000081400000, 0x0000000081400000|100%| O|  |TAMS 0x0000000081400000, 0x0000000081300000| Untracked 
|  20|0x0000000081400000, 0x0000000081500000, 0x0000000081500000|100%| O|  |TAMS 0x0000000081500000, 0x0000000081400000| Untracked 
|  21|0x0000000081500000, 0x0000000081600000, 0x0000000081600000|100%| O|  |TAMS 0x0000000081600000, 0x0000000081500000| Untracked 
|  22|0x0000000081600000, 0x0000000081700000, 0x0000000081700000|100%|HS|  |TAMS 0x0000000081600000, 0x0000000081600000| Complete 
|  23|0x0000000081700000, 0x0000000081800000, 0x0000000081800000|100%| O|  |TAMS 0x0000000081800000, 0x0000000081700000| Untracked 
|  24|0x0000000081800000, 0x0000000081900000, 0x0000000081900000|100%| O|  |TAMS 0x0000000081900000, 0x0000000081800000| Untracked 
|  25|0x0000000081900000, 0x0000000081a00000, 0x0000000081a00000|100%| O|  |TAMS 0x0000000081a00000, 0x0000000081900000| Untracked 
|  26|0x0000000081a00000, 0x0000000081b00000, 0x0000000081b00000|100%| O|  |TAMS 0x0000000081b00000, 0x0000000081a00000| Untracked 
|  27|0x0000000081b00000, 0x0000000081c00000, 0x0000000081c00000|100%| O|  |TAMS 0x0000000081c00000, 0x0000000081b00000| Untracked 
|  28|0x0000000081c00000, 0x0000000081d00000, 0x0000000081d00000|100%| O|  |TAMS 0x0000000081d00000, 0x0000000081c00000| Untracked 
|  29|0x0000000081d00000, 0x0000000081e00000, 0x0000000081e00000|100%| O|  |TAMS 0x0000000081e00000, 0x0000000081d00000| Untracked 
|  30|0x0000000081e00000, 0x0000000081f00000, 0x0000000081f00000|100%| O|  |TAMS 0x0000000081f00000, 0x0000000081e00000| Untracked 
|  31|0x0000000081f00000, 0x0000000082000000, 0x0000000082000000|100%| O|  |TAMS 0x0000000082000000, 0x0000000081f00000| Untracked 
|  32|0x0000000082000000, 0x0000000082100000, 0x0000000082100000|100%| O|  |TAMS 0x0000000082000000, 0x0000000082000000| Untracked 
|  33|0x0000000082100000, 0x0000000082200000, 0x0000000082200000|100%| O|  |TAMS 0x0000000082200000, 0x0000000082100000| Untracked 
|  34|0x0000000082200000, 0x0000000082300000, 0x0000000082300000|100%| O|  |TAMS 0x0000000082300000, 0x0000000082200000| Untracked 
|  35|0x0000000082300000, 0x0000000082400000, 0x0000000082400000|100%| O|  |TAMS 0x0000000082400000, 0x0000000082300000| Untracked 
|  36|0x0000000082400000, 0x0000000082500000, 0x0000000082500000|100%|HS|  |TAMS 0x0000000082500000, 0x0000000082400000| Complete 
|  37|0x0000000082500000, 0x0000000082600000, 0x0000000082600000|100%|HC|  |TAMS 0x0000000082600000, 0x0000000082500000| Complete 
|  38|0x0000000082600000, 0x0000000082700000, 0x0000000082700000|100%|HC|  |TAMS 0x0000000082700000, 0x0000000082600000| Complete 
|  39|0x0000000082700000, 0x0000000082800000, 0x0000000082800000|100%|HS|  |TAMS 0x0000000082800000, 0x0000000082700000| Complete 
|  40|0x0000000082800000, 0x0000000082900000, 0x0000000082900000|100%|HC|  |TAMS 0x0000000082900000, 0x0000000082800000| Complete 
|  41|0x0000000082900000, 0x0000000082a00000, 0x0000000082a00000|100%|HC|  |TAMS 0x0000000082a00000, 0x0000000082900000| Complete 
|  42|0x0000000082a00000, 0x0000000082b00000, 0x0000000082b00000|100%| O|  |TAMS 0x0000000082b00000, 0x0000000082a00000| Untracked 
|  43|0x0000000082b00000, 0x0000000082c00000, 0x0000000082c00000|100%| O|  |TAMS 0x0000000082c00000, 0x0000000082b00000| Untracked 
|  44|0x0000000082c00000, 0x0000000082d00000, 0x0000000082d00000|100%| O|  |TAMS 0x0000000082d00000, 0x0000000082c00000| Untracked 
|  45|0x0000000082d00000, 0x0000000082e00000, 0x0000000082e00000|100%| O|  |TAMS 0x0000000082e00000, 0x0000000082d00000| Untracked 
|  46|0x0000000082e00000, 0x0000000082f00000, 0x0000000082f00000|100%| O|  |TAMS 0x0000000082f00000, 0x0000000082e00000| Untracked 
|  47|0x0000000082f00000, 0x0000000083000000, 0x0000000083000000|100%| O|  |TAMS 0x0000000083000000, 0x0000000082f00000| Untracked 
|  48|0x0000000083000000, 0x0000000083100000, 0x0000000083100000|100%| O|  |TAMS 0x0000000083100000, 0x0000000083000000| Untracked 
|  49|0x0000000083100000, 0x0000000083200000, 0x0000000083200000|100%| O|  |TAMS 0x0000000083200000, 0x0000000083100000| Untracked 
|  50|0x0000000083200000, 0x0000000083300000, 0x0000000083300000|100%| O|  |TAMS 0x0000000083300000, 0x0000000083200000| Untracked 
|  51|0x0000000083300000, 0x0000000083400000, 0x0000000083400000|100%| O|  |TAMS 0x0000000083400000, 0x0000000083300000| Untracked 
|  52|0x0000000083400000, 0x0000000083500000, 0x0000000083500000|100%| O|  |TAMS 0x0000000083500000, 0x0000000083400000| Untracked 
|  53|0x0000000083500000, 0x0000000083600000, 0x0000000083600000|100%| O|  |TAMS 0x0000000083600000, 0x0000000083500000| Untracked 
|  54|0x0000000083600000, 0x0000000083700000, 0x0000000083700000|100%| O|  |TAMS 0x0000000083700000, 0x0000000083600000| Untracked 
|  55|0x0000000083700000, 0x0000000083800000, 0x0000000083800000|100%| O|  |TAMS 0x0000000083800000, 0x0000000083700000| Untracked 
|  56|0x0000000083800000, 0x0000000083900000, 0x0000000083900000|100%| O|  |TAMS 0x0000000083900000, 0x0000000083800000| Untracked 
|  57|0x0000000083900000, 0x0000000083a00000, 0x0000000083a00000|100%| O|  |TAMS 0x0000000083a00000, 0x0000000083900000| Untracked 
|  58|0x0000000083a00000, 0x0000000083b00000, 0x0000000083b00000|100%| O|  |TAMS 0x0000000083b00000, 0x0000000083a00000| Untracked 
|  59|0x0000000083b00000, 0x0000000083c00000, 0x0000000083c00000|100%| O|  |TAMS 0x0000000083c00000, 0x0000000083b00000| Untracked 
|  60|0x0000000083c00000, 0x0000000083d00000, 0x0000000083d00000|100%| O|  |TAMS 0x0000000083c00000, 0x0000000083c00000| Untracked 
|  61|0x0000000083d00000, 0x0000000083e00000, 0x0000000083e00000|100%|HS|  |TAMS 0x0000000083d00000, 0x0000000083d00000| Complete 
|  62|0x0000000083e00000, 0x0000000083f00000, 0x0000000083f00000|100%| O|  |TAMS 0x0000000083f00000, 0x0000000083e00000| Untracked 
|  63|0x0000000083f00000, 0x0000000084000000, 0x0000000084000000|100%| O|  |TAMS 0x0000000084000000, 0x0000000083f00000| Untracked 
|  64|0x0000000084000000, 0x0000000084100000, 0x0000000084100000|100%| O|  |TAMS 0x0000000084100000, 0x0000000084000000| Untracked 
|  65|0x0000000084100000, 0x0000000084200000, 0x0000000084200000|100%| O|  |TAMS 0x000000008414a600, 0x0000000084100000| Untracked 
|  66|0x0000000084200000, 0x0000000084300000, 0x0000000084300000|100%| O|  |TAMS 0x0000000084200000, 0x0000000084200000| Untracked 
|  67|0x0000000084300000, 0x0000000084400000, 0x0000000084400000|100%| O|  |TAMS 0x0000000084300000, 0x0000000084300000| Untracked 
|  68|0x0000000084400000, 0x0000000084500000, 0x0000000084500000|100%| O|  |TAMS 0x0000000084400000, 0x0000000084400000| Untracked 
|  69|0x0000000084500000, 0x0000000084600000, 0x0000000084600000|100%| O|  |TAMS 0x0000000084500000, 0x0000000084500000| Untracked 
|  70|0x0000000084600000, 0x0000000084700000, 0x0000000084700000|100%| O|  |TAMS 0x0000000084600000, 0x0000000084600000| Untracked 
|  71|0x0000000084700000, 0x0000000084800000, 0x0000000084800000|100%| O|  |TAMS 0x0000000084700000, 0x0000000084700000| Untracked 
|  72|0x0000000084800000, 0x0000000084900000, 0x0000000084900000|100%| O|  |TAMS 0x0000000084800000, 0x0000000084800000| Untracked 
|  73|0x0000000084900000, 0x0000000084a00000, 0x0000000084a00000|100%| O|  |TAMS 0x0000000084900000, 0x0000000084900000| Untracked 
|  74|0x0000000084a00000, 0x0000000084b00000, 0x0000000084b00000|100%| O|  |TAMS 0x0000000084a00000, 0x0000000084a00000| Untracked 
|  75|0x0000000084b00000, 0x0000000084c00000, 0x0000000084c00000|100%| O|  |TAMS 0x0000000084b00000, 0x0000000084b00000| Untracked 
|  76|0x0000000084c00000, 0x0000000084d00000, 0x0000000084d00000|100%|HS|  |TAMS 0x0000000084c00000, 0x0000000084c00000| Complete 
|  77|0x0000000084d00000, 0x0000000084e00000, 0x0000000084e00000|100%|HS|  |TAMS 0x0000000084d00000, 0x0000000084d00000| Complete 
|  78|0x0000000084e00000, 0x0000000084f00000, 0x0000000084f00000|100%|HS|  |TAMS 0x0000000084e00000, 0x0000000084e00000| Complete 
|  79|0x0000000084f00000, 0x0000000085000000, 0x0000000085000000|100%|HS|  |TAMS 0x0000000084f00000, 0x0000000084f00000| Complete 
|  80|0x0000000085000000, 0x0000000085100000, 0x0000000085100000|100%|HS|  |TAMS 0x0000000085000000, 0x0000000085000000| Complete 
|  81|0x0000000085100000, 0x0000000085200000, 0x0000000085200000|100%|HS|  |TAMS 0x0000000085100000, 0x0000000085100000| Complete 
|  82|0x0000000085200000, 0x0000000085300000, 0x0000000085300000|100%| O|  |TAMS 0x0000000085200000, 0x0000000085200000| Untracked 
|  83|0x0000000085300000, 0x0000000085400000, 0x0000000085400000|100%| O|  |TAMS 0x0000000085300000, 0x0000000085300000| Untracked 
|  84|0x0000000085400000, 0x0000000085500000, 0x0000000085500000|100%| O|  |TAMS 0x0000000085400000, 0x0000000085400000| Untracked 
|  85|0x0000000085500000, 0x0000000085600000, 0x0000000085600000|100%| O|  |TAMS 0x0000000085500000, 0x0000000085500000| Untracked 
|  86|0x0000000085600000, 0x0000000085700000, 0x0000000085700000|100%| O|  |TAMS 0x0000000085600000, 0x0000000085600000| Untracked 
|  87|0x0000000085700000, 0x0000000085800000, 0x0000000085800000|100%| O|  |TAMS 0x0000000085700000, 0x0000000085700000| Untracked 
|  88|0x0000000085800000, 0x0000000085900000, 0x0000000085900000|100%|HS|  |TAMS 0x0000000085800000, 0x0000000085800000| Complete 
|  89|0x0000000085900000, 0x0000000085a00000, 0x0000000085a00000|100%|HC|  |TAMS 0x0000000085900000, 0x0000000085900000| Complete 
|  90|0x0000000085a00000, 0x0000000085b00000, 0x0000000085b00000|100%|HC|  |TAMS 0x0000000085a00000, 0x0000000085a00000| Complete 
|  91|0x0000000085b00000, 0x0000000085c00000, 0x0000000085c00000|100%| O|  |TAMS 0x0000000085b00000, 0x0000000085b00000| Untracked 
|  92|0x0000000085c00000, 0x0000000085d00000, 0x0000000085d00000|100%| O|  |TAMS 0x0000000085c00000, 0x0000000085c00000| Untracked 
|  93|0x0000000085d00000, 0x0000000085e00000, 0x0000000085e00000|100%| O|  |TAMS 0x0000000085d00000, 0x0000000085d00000| Untracked 
|  94|0x0000000085e00000, 0x0000000085f00000, 0x0000000085f00000|100%| O|  |TAMS 0x0000000085e00000, 0x0000000085e00000| Untracked 
|  95|0x0000000085f00000, 0x0000000086000000, 0x0000000086000000|100%| O|  |TAMS 0x0000000085f00000, 0x0000000085f00000| Untracked 
|  96|0x0000000086000000, 0x0000000086100000, 0x0000000086100000|100%| O|  |TAMS 0x0000000086000000, 0x0000000086000000| Untracked 
|  97|0x0000000086100000, 0x0000000086200000, 0x0000000086200000|100%| O|  |TAMS 0x0000000086100000, 0x0000000086100000| Untracked 
|  98|0x0000000086200000, 0x0000000086300000, 0x0000000086300000|100%| O|  |TAMS 0x0000000086200000, 0x0000000086200000| Untracked 
|  99|0x0000000086300000, 0x0000000086400000, 0x0000000086400000|100%| O|  |TAMS 0x0000000086300000, 0x0000000086300000| Untracked 
| 100|0x0000000086400000, 0x0000000086500000, 0x0000000086500000|100%| O|  |TAMS 0x0000000086400000, 0x0000000086400000| Untracked 
| 101|0x0000000086500000, 0x0000000086600000, 0x0000000086600000|100%| O|  |TAMS 0x0000000086500000, 0x0000000086500000| Untracked 
| 102|0x0000000086600000, 0x0000000086700000, 0x0000000086700000|100%| O|  |TAMS 0x0000000086600000, 0x0000000086600000| Untracked 
| 103|0x0000000086700000, 0x0000000086800000, 0x0000000086800000|100%| O|  |TAMS 0x0000000086700000, 0x0000000086700000| Untracked 
| 104|0x0000000086800000, 0x0000000086900000, 0x0000000086900000|100%| O|  |TAMS 0x0000000086800000, 0x0000000086800000| Untracked 
| 105|0x0000000086900000, 0x0000000086a00000, 0x0000000086a00000|100%| O|  |TAMS 0x0000000086900000, 0x0000000086900000| Untracked 
| 106|0x0000000086a00000, 0x0000000086b00000, 0x0000000086b00000|100%| O|  |TAMS 0x0000000086a00000, 0x0000000086a00000| Untracked 
| 107|0x0000000086b00000, 0x0000000086c00000, 0x0000000086c00000|100%| O|  |TAMS 0x0000000086b00000, 0x0000000086b00000| Untracked 
| 108|0x0000000086c00000, 0x0000000086d00000, 0x0000000086d00000|100%| O|  |TAMS 0x0000000086c00000, 0x0000000086c00000| Untracked 
| 109|0x0000000086d00000, 0x0000000086e00000, 0x0000000086e00000|100%| O|  |TAMS 0x0000000086d00000, 0x0000000086d00000| Untracked 
| 110|0x0000000086e00000, 0x0000000086f00000, 0x0000000086f00000|100%| O|  |TAMS 0x0000000086e00000, 0x0000000086e00000| Untracked 
| 111|0x0000000086f00000, 0x0000000087000000, 0x0000000087000000|100%| O|  |TAMS 0x0000000086f00000, 0x0000000086f00000| Untracked 
| 112|0x0000000087000000, 0x0000000087100000, 0x0000000087100000|100%| O|  |TAMS 0x0000000087000000, 0x0000000087000000| Untracked 
| 113|0x0000000087100000, 0x0000000087200000, 0x0000000087200000|100%| O|  |TAMS 0x0000000087100000, 0x0000000087100000| Untracked 
| 114|0x0000000087200000, 0x0000000087300000, 0x0000000087300000|100%| O|  |TAMS 0x0000000087200000, 0x0000000087200000| Untracked 
| 115|0x0000000087300000, 0x0000000087400000, 0x0000000087400000|100%| O|  |TAMS 0x0000000087300000, 0x0000000087300000| Untracked 
| 116|0x0000000087400000, 0x0000000087500000, 0x0000000087500000|100%| O|  |TAMS 0x0000000087400000, 0x0000000087400000| Untracked 
| 117|0x0000000087500000, 0x0000000087600000, 0x0000000087600000|100%| O|  |TAMS 0x0000000087500000, 0x0000000087500000| Untracked 
| 118|0x0000000087600000, 0x0000000087700000, 0x0000000087700000|100%| O|  |TAMS 0x0000000087600000, 0x0000000087600000| Untracked 
| 119|0x0000000087700000, 0x0000000087800000, 0x0000000087800000|100%| O|  |TAMS 0x0000000087700000, 0x0000000087700000| Untracked 
| 120|0x0000000087800000, 0x0000000087900000, 0x0000000087900000|100%| O|  |TAMS 0x0000000087800000, 0x0000000087800000| Untracked 
| 121|0x0000000087900000, 0x0000000087a00000, 0x0000000087a00000|100%| O|  |TAMS 0x0000000087900000, 0x0000000087900000| Untracked 
| 122|0x0000000087a00000, 0x0000000087b00000, 0x0000000087b00000|100%| O|  |TAMS 0x0000000087a00000, 0x0000000087a00000| Untracked 
| 123|0x0000000087b00000, 0x0000000087c00000, 0x0000000087c00000|100%| O|  |TAMS 0x0000000087b00000, 0x0000000087b00000| Untracked 
| 124|0x0000000087c00000, 0x0000000087d00000, 0x0000000087d00000|100%|HS|  |TAMS 0x0000000087c00000, 0x0000000087c00000| Complete 
| 125|0x0000000087d00000, 0x0000000087e00000, 0x0000000087e00000|100%|HS|  |TAMS 0x0000000087d00000, 0x0000000087d00000| Complete 
| 126|0x0000000087e00000, 0x0000000087f00000, 0x0000000087f00000|100%|HS|  |TAMS 0x0000000087e00000, 0x0000000087e00000| Complete 
| 127|0x0000000087f00000, 0x0000000088000000, 0x0000000088000000|100%|HC|  |TAMS 0x0000000087f00000, 0x0000000087f00000| Complete 
| 128|0x0000000088000000, 0x0000000088100000, 0x0000000088100000|100%| O|  |TAMS 0x0000000088000000, 0x0000000088000000| Untracked 
| 129|0x0000000088100000, 0x0000000088200000, 0x0000000088200000|100%| O|  |TAMS 0x0000000088100000, 0x0000000088100000| Untracked 
| 130|0x0000000088200000, 0x0000000088300000, 0x0000000088300000|100%| O|  |TAMS 0x0000000088200000, 0x0000000088200000| Untracked 
| 131|0x0000000088300000, 0x0000000088400000, 0x0000000088400000|100%| O|  |TAMS 0x0000000088300000, 0x0000000088300000| Untracked 
| 132|0x0000000088400000, 0x0000000088500000, 0x0000000088500000|100%| O|  |TAMS 0x0000000088400000, 0x0000000088400000| Untracked 
| 133|0x0000000088500000, 0x0000000088600000, 0x0000000088600000|100%| O|  |TAMS 0x0000000088500000, 0x0000000088500000| Untracked 
| 134|0x0000000088600000, 0x0000000088700000, 0x0000000088700000|100%| O|  |TAMS 0x0000000088600000, 0x0000000088600000| Untracked 
| 135|0x0000000088700000, 0x0000000088800000, 0x0000000088800000|100%| O|  |TAMS 0x0000000088700000, 0x0000000088700000| Untracked 
| 136|0x0000000088800000, 0x0000000088900000, 0x0000000088900000|100%| O|  |TAMS 0x0000000088800000, 0x0000000088800000| Untracked 
| 137|0x0000000088900000, 0x0000000088a00000, 0x0000000088a00000|100%| O|  |TAMS 0x0000000088900000, 0x0000000088900000| Untracked 
| 138|0x0000000088a00000, 0x0000000088b00000, 0x0000000088b00000|100%| O|  |TAMS 0x0000000088a00000, 0x0000000088a00000| Untracked 
| 139|0x0000000088b00000, 0x0000000088c00000, 0x0000000088c00000|100%| O|  |TAMS 0x0000000088b00000, 0x0000000088b00000| Untracked 
| 140|0x0000000088c00000, 0x0000000088d00000, 0x0000000088d00000|100%| O|  |TAMS 0x0000000088c00000, 0x0000000088c00000| Untracked 
| 141|0x0000000088d00000, 0x0000000088e00000, 0x0000000088e00000|100%| O|  |TAMS 0x0000000088d00000, 0x0000000088d00000| Untracked 
| 142|0x0000000088e00000, 0x0000000088f00000, 0x0000000088f00000|100%| O|  |TAMS 0x0000000088e00000, 0x0000000088e00000| Untracked 
| 143|0x0000000088f00000, 0x0000000089000000, 0x0000000089000000|100%| O|  |TAMS 0x0000000088f00000, 0x0000000088f00000| Untracked 
| 144|0x0000000089000000, 0x0000000089100000, 0x0000000089100000|100%| O|  |TAMS 0x0000000089000000, 0x0000000089000000| Untracked 
| 145|0x0000000089100000, 0x0000000089200000, 0x0000000089200000|100%| O|  |TAMS 0x0000000089100000, 0x0000000089100000| Untracked 
| 146|0x0000000089200000, 0x0000000089300000, 0x0000000089300000|100%| O|  |TAMS 0x0000000089200000, 0x0000000089200000| Untracked 
| 147|0x0000000089300000, 0x0000000089400000, 0x0000000089400000|100%| O|  |TAMS 0x0000000089300000, 0x0000000089300000| Untracked 
| 148|0x0000000089400000, 0x0000000089500000, 0x0000000089500000|100%| O|  |TAMS 0x0000000089400000, 0x0000000089400000| Untracked 
| 149|0x0000000089500000, 0x0000000089600000, 0x0000000089600000|100%| O|  |TAMS 0x0000000089500000, 0x0000000089500000| Untracked 
| 150|0x0000000089600000, 0x0000000089700000, 0x0000000089700000|100%| O|  |TAMS 0x0000000089600000, 0x0000000089600000| Untracked 
| 151|0x0000000089700000, 0x0000000089800000, 0x0000000089800000|100%|HS|  |TAMS 0x0000000089700000, 0x0000000089700000| Complete 
| 152|0x0000000089800000, 0x0000000089900000, 0x0000000089900000|100%|HC|  |TAMS 0x0000000089800000, 0x0000000089800000| Complete 
| 153|0x0000000089900000, 0x0000000089a00000, 0x0000000089a00000|100%| O|  |TAMS 0x0000000089900000, 0x0000000089900000| Untracked 
| 154|0x0000000089a00000, 0x0000000089b00000, 0x0000000089b00000|100%| O|  |TAMS 0x0000000089a00000, 0x0000000089a00000| Untracked 
| 155|0x0000000089b00000, 0x0000000089c00000, 0x0000000089c00000|100%| O|  |TAMS 0x0000000089b00000, 0x0000000089b00000| Untracked 
| 156|0x0000000089c00000, 0x0000000089d00000, 0x0000000089d00000|100%| O|  |TAMS 0x0000000089c00000, 0x0000000089c00000| Untracked 
| 157|0x0000000089d00000, 0x0000000089e00000, 0x0000000089e00000|100%| O|  |TAMS 0x0000000089d00000, 0x0000000089d00000| Untracked 
| 158|0x0000000089e00000, 0x0000000089f00000, 0x0000000089f00000|100%| O|  |TAMS 0x0000000089e00000, 0x0000000089e00000| Untracked 
| 159|0x0000000089f00000, 0x000000008a000000, 0x000000008a000000|100%| O|  |TAMS 0x0000000089f00000, 0x0000000089f00000| Untracked 
| 160|0x000000008a000000, 0x000000008a100000, 0x000000008a100000|100%| O|  |TAMS 0x000000008a000000, 0x000000008a000000| Untracked 
| 161|0x000000008a100000, 0x000000008a200000, 0x000000008a200000|100%| O|  |TAMS 0x000000008a100000, 0x000000008a100000| Untracked 
| 162|0x000000008a200000, 0x000000008a300000, 0x000000008a300000|100%| O|  |TAMS 0x000000008a200000, 0x000000008a200000| Untracked 
| 163|0x000000008a300000, 0x000000008a400000, 0x000000008a400000|100%| O|  |TAMS 0x000000008a300000, 0x000000008a300000| Untracked 
| 164|0x000000008a400000, 0x000000008a500000, 0x000000008a500000|100%| O|  |TAMS 0x000000008a400000, 0x000000008a400000| Untracked 
| 165|0x000000008a500000, 0x000000008a600000, 0x000000008a600000|100%| O|  |TAMS 0x000000008a500000, 0x000000008a500000| Untracked 
| 166|0x000000008a600000, 0x000000008a700000, 0x000000008a700000|100%| O|  |TAMS 0x000000008a600000, 0x000000008a600000| Untracked 
| 167|0x000000008a700000, 0x000000008a800000, 0x000000008a800000|100%| O|  |TAMS 0x000000008a700000, 0x000000008a700000| Untracked 
| 168|0x000000008a800000, 0x000000008a900000, 0x000000008a900000|100%| O|  |TAMS 0x000000008a800000, 0x000000008a800000| Untracked 
| 169|0x000000008a900000, 0x000000008aa00000, 0x000000008aa00000|100%| O|  |TAMS 0x000000008a900000, 0x000000008a900000| Untracked 
| 170|0x000000008aa00000, 0x000000008ab00000, 0x000000008ab00000|100%| O|  |TAMS 0x000000008aa00000, 0x000000008aa00000| Untracked 
| 171|0x000000008ab00000, 0x000000008ac00000, 0x000000008ac00000|100%| O|  |TAMS 0x000000008ab00000, 0x000000008ab00000| Untracked 
| 172|0x000000008ac00000, 0x000000008ad00000, 0x000000008ad00000|100%| O|  |TAMS 0x000000008ac00000, 0x000000008ac00000| Untracked 
| 173|0x000000008ad00000, 0x000000008ae00000, 0x000000008ae00000|100%| O|  |TAMS 0x000000008ad00000, 0x000000008ad00000| Untracked 
| 174|0x000000008ae00000, 0x000000008af00000, 0x000000008af00000|100%| O|  |TAMS 0x000000008ae00000, 0x000000008ae00000| Untracked 
| 175|0x000000008af00000, 0x000000008b000000, 0x000000008b000000|100%| O|  |TAMS 0x000000008af00000, 0x000000008af00000| Untracked 
| 176|0x000000008b000000, 0x000000008b100000, 0x000000008b100000|100%| O|  |TAMS 0x000000008b000000, 0x000000008b000000| Untracked 
| 177|0x000000008b100000, 0x000000008b200000, 0x000000008b200000|100%| O|  |TAMS 0x000000008b100000, 0x000000008b100000| Untracked 
| 178|0x000000008b200000, 0x000000008b300000, 0x000000008b300000|100%| O|  |TAMS 0x000000008b200000, 0x000000008b200000| Untracked 
| 179|0x000000008b300000, 0x000000008b400000, 0x000000008b400000|100%| O|  |TAMS 0x000000008b300000, 0x000000008b300000| Untracked 
| 180|0x000000008b400000, 0x000000008b500000, 0x000000008b500000|100%| O|  |TAMS 0x000000008b400000, 0x000000008b400000| Untracked 
| 181|0x000000008b500000, 0x000000008b600000, 0x000000008b600000|100%| O|  |TAMS 0x000000008b500000, 0x000000008b500000| Untracked 
| 182|0x000000008b600000, 0x000000008b700000, 0x000000008b700000|100%| O|  |TAMS 0x000000008b600000, 0x000000008b600000| Untracked 
| 183|0x000000008b700000, 0x000000008b800000, 0x000000008b800000|100%| O|  |TAMS 0x000000008b700000, 0x000000008b700000| Untracked 
| 184|0x000000008b800000, 0x000000008b900000, 0x000000008b900000|100%|HS|  |TAMS 0x000000008b800000, 0x000000008b800000| Complete 
| 185|0x000000008b900000, 0x000000008ba00000, 0x000000008ba00000|100%|HS|  |TAMS 0x000000008b900000, 0x000000008b900000| Complete 
| 186|0x000000008ba00000, 0x000000008bb00000, 0x000000008bb00000|100%| O|  |TAMS 0x000000008ba00000, 0x000000008ba00000| Untracked 
| 187|0x000000008bb00000, 0x000000008bc00000, 0x000000008bc00000|100%| O|  |TAMS 0x000000008bb00000, 0x000000008bb00000| Untracked 
| 188|0x000000008bc00000, 0x000000008bd00000, 0x000000008bd00000|100%| O|  |TAMS 0x000000008bc00000, 0x000000008bc00000| Untracked 
| 189|0x000000008bd00000, 0x000000008be00000, 0x000000008be00000|100%| O|  |TAMS 0x000000008bd00000, 0x000000008bd00000| Untracked 
| 190|0x000000008be00000, 0x000000008bf00000, 0x000000008bf00000|100%| O|  |TAMS 0x000000008be00000, 0x000000008be00000| Untracked 
| 191|0x000000008bf00000, 0x000000008c000000, 0x000000008c000000|100%| O|  |TAMS 0x000000008bf00000, 0x000000008bf00000| Untracked 
| 192|0x000000008c000000, 0x000000008c100000, 0x000000008c100000|100%| O|  |TAMS 0x000000008c000000, 0x000000008c000000| Untracked 
| 193|0x000000008c100000, 0x000000008c200000, 0x000000008c200000|100%| O|  |TAMS 0x000000008c100000, 0x000000008c100000| Untracked 
| 194|0x000000008c200000, 0x000000008c300000, 0x000000008c300000|100%| O|  |TAMS 0x000000008c200000, 0x000000008c200000| Untracked 
| 195|0x000000008c300000, 0x000000008c400000, 0x000000008c400000|100%| O|  |TAMS 0x000000008c300000, 0x000000008c300000| Untracked 
| 196|0x000000008c400000, 0x000000008c500000, 0x000000008c500000|100%| O|  |TAMS 0x000000008c400000, 0x000000008c400000| Untracked 
| 197|0x000000008c500000, 0x000000008c600000, 0x000000008c600000|100%| O|  |TAMS 0x000000008c500000, 0x000000008c500000| Untracked 
| 198|0x000000008c600000, 0x000000008c700000, 0x000000008c700000|100%| O|  |TAMS 0x000000008c600000, 0x000000008c600000| Untracked 
| 199|0x000000008c700000, 0x000000008c800000, 0x000000008c800000|100%| O|  |TAMS 0x000000008c700000, 0x000000008c700000| Untracked 
| 200|0x000000008c800000, 0x000000008c900000, 0x000000008c900000|100%| O|  |TAMS 0x000000008c800000, 0x000000008c800000| Untracked 
| 201|0x000000008c900000, 0x000000008c978800, 0x000000008ca00000| 47%| O|  |TAMS 0x000000008c900000, 0x000000008c900000| Untracked 
| 202|0x000000008ca00000, 0x000000008cb00000, 0x000000008cb00000|100%|HS|  |TAMS 0x000000008ca00000, 0x000000008ca00000| Complete 
| 203|0x000000008cb00000, 0x000000008cc00000, 0x000000008cc00000|100%|HS|  |TAMS 0x000000008cb00000, 0x000000008cb00000| Complete 
| 204|0x000000008cc00000, 0x000000008cd00000, 0x000000008cd00000|100%|HS|  |TAMS 0x000000008cc00000, 0x000000008cc00000| Complete 
| 205|0x000000008cd00000, 0x000000008ce00000, 0x000000008ce00000|100%|HS|  |TAMS 0x000000008cd00000, 0x000000008cd00000| Complete 
| 206|0x000000008ce00000, 0x000000008ce00000, 0x000000008cf00000|  0%| F|  |TAMS 0x000000008ce00000, 0x000000008ce00000| Untracked 
| 207|0x000000008cf00000, 0x000000008cf00000, 0x000000008d000000|  0%| F|  |TAMS 0x000000008cf00000, 0x000000008cf00000| Untracked 
| 208|0x000000008d000000, 0x000000008d000000, 0x000000008d100000|  0%| F|  |TAMS 0x000000008d000000, 0x000000008d000000| Untracked 
| 209|0x000000008d100000, 0x000000008d100000, 0x000000008d200000|  0%| F|  |TAMS 0x000000008d100000, 0x000000008d100000| Untracked 
| 210|0x000000008d200000, 0x000000008d200000, 0x000000008d300000|  0%| F|  |TAMS 0x000000008d200000, 0x000000008d200000| Untracked 
| 211|0x000000008d300000, 0x000000008d300000, 0x000000008d400000|  0%| F|  |TAMS 0x000000008d300000, 0x000000008d300000| Untracked 
| 212|0x000000008d400000, 0x000000008d400000, 0x000000008d500000|  0%| F|  |TAMS 0x000000008d400000, 0x000000008d400000| Untracked 
| 213|0x000000008d500000, 0x000000008d500000, 0x000000008d600000|  0%| F|  |TAMS 0x000000008d500000, 0x000000008d500000| Untracked 
| 214|0x000000008d600000, 0x000000008d600000, 0x000000008d700000|  0%| F|  |TAMS 0x000000008d600000, 0x000000008d600000| Untracked 
| 215|0x000000008d700000, 0x000000008d700000, 0x000000008d800000|  0%| F|  |TAMS 0x000000008d700000, 0x000000008d700000| Untracked 
| 216|0x000000008d800000, 0x000000008d800000, 0x000000008d900000|  0%| F|  |TAMS 0x000000008d800000, 0x000000008d800000| Untracked 
| 217|0x000000008d900000, 0x000000008d900000, 0x000000008da00000|  0%| F|  |TAMS 0x000000008d900000, 0x000000008d900000| Untracked 
| 218|0x000000008da00000, 0x000000008da00000, 0x000000008db00000|  0%| F|  |TAMS 0x000000008da00000, 0x000000008da00000| Untracked 
| 219|0x000000008db00000, 0x000000008db00000, 0x000000008dc00000|  0%| F|  |TAMS 0x000000008db00000, 0x000000008db00000| Untracked 
| 220|0x000000008dc00000, 0x000000008dc00000, 0x000000008dd00000|  0%| F|  |TAMS 0x000000008dc00000, 0x000000008dc00000| Untracked 
| 221|0x000000008dd00000, 0x000000008dd00000, 0x000000008de00000|  0%| F|  |TAMS 0x000000008dd00000, 0x000000008dd00000| Untracked 
| 222|0x000000008de00000, 0x000000008de00000, 0x000000008df00000|  0%| F|  |TAMS 0x000000008de00000, 0x000000008de00000| Untracked 
| 223|0x000000008df00000, 0x000000008df00000, 0x000000008e000000|  0%| F|  |TAMS 0x000000008df00000, 0x000000008df00000| Untracked 
| 224|0x000000008e000000, 0x000000008e000000, 0x000000008e100000|  0%| F|  |TAMS 0x000000008e000000, 0x000000008e000000| Untracked 
| 225|0x000000008e100000, 0x000000008e100000, 0x000000008e200000|  0%| F|  |TAMS 0x000000008e100000, 0x000000008e100000| Untracked 
| 226|0x000000008e200000, 0x000000008e200000, 0x000000008e300000|  0%| F|  |TAMS 0x000000008e200000, 0x000000008e200000| Untracked 
| 227|0x000000008e300000, 0x000000008e300000, 0x000000008e400000|  0%| F|  |TAMS 0x000000008e300000, 0x000000008e300000| Untracked 
| 228|0x000000008e400000, 0x000000008e400000, 0x000000008e500000|  0%| F|  |TAMS 0x000000008e400000, 0x000000008e400000| Untracked 
| 229|0x000000008e500000, 0x000000008e500000, 0x000000008e600000|  0%| F|  |TAMS 0x000000008e500000, 0x000000008e500000| Untracked 
| 230|0x000000008e600000, 0x000000008e600000, 0x000000008e700000|  0%| F|  |TAMS 0x000000008e600000, 0x000000008e600000| Untracked 
| 231|0x000000008e700000, 0x000000008e700000, 0x000000008e800000|  0%| F|  |TAMS 0x000000008e700000, 0x000000008e700000| Untracked 
| 232|0x000000008e800000, 0x000000008e800000, 0x000000008e900000|  0%| F|  |TAMS 0x000000008e800000, 0x000000008e800000| Untracked 
| 233|0x000000008e900000, 0x000000008e900000, 0x000000008ea00000|  0%| F|  |TAMS 0x000000008e900000, 0x000000008e900000| Untracked 
| 234|0x000000008ea00000, 0x000000008ea00000, 0x000000008eb00000|  0%| F|  |TAMS 0x000000008ea00000, 0x000000008ea00000| Untracked 
| 235|0x000000008eb00000, 0x000000008eb9e2f0, 0x000000008ec00000| 61%| S|CS|TAMS 0x000000008eb00000, 0x000000008eb00000| Complete 
| 236|0x000000008ec00000, 0x000000008ed00000, 0x000000008ed00000|100%| S|CS|TAMS 0x000000008ec00000, 0x000000008ec00000| Complete 
| 237|0x000000008ed00000, 0x000000008ed00000, 0x000000008ee00000|  0%| F|  |TAMS 0x000000008ed00000, 0x000000008ed00000| Untracked 
| 238|0x000000008ee00000, 0x000000008ee00000, 0x000000008ef00000|  0%| F|  |TAMS 0x000000008ee00000, 0x000000008ee00000| Untracked 
| 239|0x000000008ef00000, 0x000000008ef00000, 0x000000008f000000|  0%| F|  |TAMS 0x000000008ef00000, 0x000000008ef00000| Untracked 
| 240|0x000000008f000000, 0x000000008f100000, 0x000000008f100000|100%| S|CS|TAMS 0x000000008f000000, 0x000000008f000000| Complete 
| 241|0x000000008f100000, 0x000000008f100000, 0x000000008f200000|  0%| F|  |TAMS 0x000000008f100000, 0x000000008f100000| Untracked 
| 242|0x000000008f200000, 0x000000008f200000, 0x000000008f300000|  0%| F|  |TAMS 0x000000008f200000, 0x000000008f200000| Untracked 
| 243|0x000000008f300000, 0x000000008f300000, 0x000000008f400000|  0%| F|  |TAMS 0x000000008f300000, 0x000000008f300000| Untracked 
| 244|0x000000008f400000, 0x000000008f400000, 0x000000008f500000|  0%| F|  |TAMS 0x000000008f400000, 0x000000008f400000| Untracked 
| 245|0x000000008f500000, 0x000000008f500000, 0x000000008f600000|  0%| F|  |TAMS 0x000000008f500000, 0x000000008f500000| Untracked 
| 246|0x000000008f600000, 0x000000008f600000, 0x000000008f700000|  0%| F|  |TAMS 0x000000008f600000, 0x000000008f600000| Untracked 
| 247|0x000000008f700000, 0x000000008f700000, 0x000000008f800000|  0%| F|  |TAMS 0x000000008f700000, 0x000000008f700000| Untracked 
| 248|0x000000008f800000, 0x000000008f800000, 0x000000008f900000|  0%| F|  |TAMS 0x000000008f800000, 0x000000008f800000| Untracked 
| 249|0x000000008f900000, 0x000000008f900000, 0x000000008fa00000|  0%| F|  |TAMS 0x000000008f900000, 0x000000008f900000| Untracked 
| 250|0x000000008fa00000, 0x000000008fa00000, 0x000000008fb00000|  0%| F|  |TAMS 0x000000008fa00000, 0x000000008fa00000| Untracked 
| 251|0x000000008fb00000, 0x000000008fb00000, 0x000000008fc00000|  0%| F|  |TAMS 0x000000008fb00000, 0x000000008fb00000| Untracked 
| 252|0x000000008fc00000, 0x000000008fc00000, 0x000000008fd00000|  0%| F|  |TAMS 0x000000008fc00000, 0x000000008fc00000| Untracked 
| 253|0x000000008fd00000, 0x000000008fd00000, 0x000000008fe00000|  0%| F|  |TAMS 0x000000008fd00000, 0x000000008fd00000| Untracked 
| 254|0x000000008fe00000, 0x000000008fe00000, 0x000000008ff00000|  0%| F|  |TAMS 0x000000008fe00000, 0x000000008fe00000| Untracked 
| 255|0x000000008ff00000, 0x000000008ff00000, 0x0000000090000000|  0%| F|  |TAMS 0x000000008ff00000, 0x000000008ff00000| Untracked 
| 256|0x0000000090000000, 0x0000000090000000, 0x0000000090100000|  0%| F|  |TAMS 0x0000000090000000, 0x0000000090000000| Untracked 
| 257|0x0000000090100000, 0x0000000090100000, 0x0000000090200000|  0%| F|  |TAMS 0x0000000090100000, 0x0000000090100000| Untracked 
| 258|0x0000000090200000, 0x0000000090200000, 0x0000000090300000|  0%| F|  |TAMS 0x0000000090200000, 0x0000000090200000| Untracked 
| 259|0x0000000090300000, 0x0000000090300000, 0x0000000090400000|  0%| F|  |TAMS 0x0000000090300000, 0x0000000090300000| Untracked 
| 260|0x0000000090400000, 0x0000000090400000, 0x0000000090500000|  0%| F|  |TAMS 0x0000000090400000, 0x0000000090400000| Untracked 
| 261|0x0000000090500000, 0x0000000090500000, 0x0000000090600000|  0%| F|  |TAMS 0x0000000090500000, 0x0000000090500000| Untracked 
| 262|0x0000000090600000, 0x0000000090600000, 0x0000000090700000|  0%| F|  |TAMS 0x0000000090600000, 0x0000000090600000| Untracked 
| 263|0x0000000090700000, 0x0000000090700000, 0x0000000090800000|  0%| F|  |TAMS 0x0000000090700000, 0x0000000090700000| Untracked 
| 264|0x0000000090800000, 0x0000000090800000, 0x0000000090900000|  0%| F|  |TAMS 0x0000000090800000, 0x0000000090800000| Untracked 
| 265|0x0000000090900000, 0x0000000090900000, 0x0000000090a00000|  0%| F|  |TAMS 0x0000000090900000, 0x0000000090900000| Untracked 
| 266|0x0000000090a00000, 0x0000000090a00000, 0x0000000090b00000|  0%| F|  |TAMS 0x0000000090a00000, 0x0000000090a00000| Untracked 
| 267|0x0000000090b00000, 0x0000000090b00000, 0x0000000090c00000|  0%| F|  |TAMS 0x0000000090b00000, 0x0000000090b00000| Untracked 
| 268|0x0000000090c00000, 0x0000000090c00000, 0x0000000090d00000|  0%| F|  |TAMS 0x0000000090c00000, 0x0000000090c00000| Untracked 
| 269|0x0000000090d00000, 0x0000000090d00000, 0x0000000090e00000|  0%| F|  |TAMS 0x0000000090d00000, 0x0000000090d00000| Untracked 
| 270|0x0000000090e00000, 0x0000000090e00000, 0x0000000090f00000|  0%| F|  |TAMS 0x0000000090e00000, 0x0000000090e00000| Untracked 
| 271|0x0000000090f00000, 0x0000000090f00000, 0x0000000091000000|  0%| F|  |TAMS 0x0000000090f00000, 0x0000000090f00000| Untracked 
| 272|0x0000000091000000, 0x0000000091000000, 0x0000000091100000|  0%| F|  |TAMS 0x0000000091000000, 0x0000000091000000| Untracked 
| 273|0x0000000091100000, 0x0000000091100000, 0x0000000091200000|  0%| F|  |TAMS 0x0000000091100000, 0x0000000091100000| Untracked 
| 274|0x0000000091200000, 0x0000000091200000, 0x0000000091300000|  0%| F|  |TAMS 0x0000000091200000, 0x0000000091200000| Untracked 
| 275|0x0000000091300000, 0x0000000091300000, 0x0000000091400000|  0%| F|  |TAMS 0x0000000091300000, 0x0000000091300000| Untracked 
| 276|0x0000000091400000, 0x0000000091400000, 0x0000000091500000|  0%| F|  |TAMS 0x0000000091400000, 0x0000000091400000| Untracked 
| 277|0x0000000091500000, 0x00000000915c6e50, 0x0000000091600000| 77%| E|  |TAMS 0x0000000091500000, 0x0000000091500000| Complete 
| 278|0x0000000091600000, 0x0000000091700000, 0x0000000091700000|100%| E|CS|TAMS 0x0000000091600000, 0x0000000091600000| Complete 
| 279|0x0000000091700000, 0x0000000091800000, 0x0000000091800000|100%| E|CS|TAMS 0x0000000091700000, 0x0000000091700000| Complete 
| 280|0x0000000091800000, 0x0000000091900000, 0x0000000091900000|100%| E|CS|TAMS 0x0000000091800000, 0x0000000091800000| Complete 
| 281|0x0000000091900000, 0x0000000091a00000, 0x0000000091a00000|100%| E|CS|TAMS 0x0000000091900000, 0x0000000091900000| Complete 
| 282|0x0000000091a00000, 0x0000000091b00000, 0x0000000091b00000|100%| E|CS|TAMS 0x0000000091a00000, 0x0000000091a00000| Complete 
| 283|0x0000000091b00000, 0x0000000091c00000, 0x0000000091c00000|100%| E|CS|TAMS 0x0000000091b00000, 0x0000000091b00000| Complete 
| 284|0x0000000091c00000, 0x0000000091d00000, 0x0000000091d00000|100%| E|CS|TAMS 0x0000000091c00000, 0x0000000091c00000| Complete 
| 285|0x0000000091d00000, 0x0000000091e00000, 0x0000000091e00000|100%| E|CS|TAMS 0x0000000091d00000, 0x0000000091d00000| Complete 
| 286|0x0000000091e00000, 0x0000000091f00000, 0x0000000091f00000|100%| E|CS|TAMS 0x0000000091e00000, 0x0000000091e00000| Complete 
| 287|0x0000000091f00000, 0x0000000092000000, 0x0000000092000000|100%| E|CS|TAMS 0x0000000091f00000, 0x0000000091f00000| Complete 
| 288|0x0000000092000000, 0x0000000092100000, 0x0000000092100000|100%| E|CS|TAMS 0x0000000092000000, 0x0000000092000000| Complete 
| 289|0x0000000092100000, 0x0000000092200000, 0x0000000092200000|100%| E|CS|TAMS 0x0000000092100000, 0x0000000092100000| Complete 
| 290|0x0000000092200000, 0x0000000092300000, 0x0000000092300000|100%| E|CS|TAMS 0x0000000092200000, 0x0000000092200000| Complete 
| 291|0x0000000092300000, 0x0000000092400000, 0x0000000092400000|100%| E|CS|TAMS 0x0000000092300000, 0x0000000092300000| Complete 
| 292|0x0000000092400000, 0x0000000092500000, 0x0000000092500000|100%| E|CS|TAMS 0x0000000092400000, 0x0000000092400000| Complete 
| 293|0x0000000092500000, 0x0000000092600000, 0x0000000092600000|100%| E|CS|TAMS 0x0000000092500000, 0x0000000092500000| Complete 
| 294|0x0000000092600000, 0x0000000092700000, 0x0000000092700000|100%| E|CS|TAMS 0x0000000092600000, 0x0000000092600000| Complete 
| 295|0x0000000092700000, 0x0000000092800000, 0x0000000092800000|100%| E|CS|TAMS 0x0000000092700000, 0x0000000092700000| Complete 
| 296|0x0000000092800000, 0x0000000092900000, 0x0000000092900000|100%| E|CS|TAMS 0x0000000092800000, 0x0000000092800000| Complete 
| 297|0x0000000092900000, 0x0000000092a00000, 0x0000000092a00000|100%| E|CS|TAMS 0x0000000092900000, 0x0000000092900000| Complete 
| 298|0x0000000092a00000, 0x0000000092b00000, 0x0000000092b00000|100%| E|CS|TAMS 0x0000000092a00000, 0x0000000092a00000| Complete 
| 299|0x0000000092b00000, 0x0000000092c00000, 0x0000000092c00000|100%| E|CS|TAMS 0x0000000092b00000, 0x0000000092b00000| Complete 
| 300|0x0000000092c00000, 0x0000000092d00000, 0x0000000092d00000|100%| E|CS|TAMS 0x0000000092c00000, 0x0000000092c00000| Complete 
| 301|0x0000000092d00000, 0x0000000092e00000, 0x0000000092e00000|100%| E|CS|TAMS 0x0000000092d00000, 0x0000000092d00000| Complete 
| 302|0x0000000092e00000, 0x0000000092f00000, 0x0000000092f00000|100%| E|CS|TAMS 0x0000000092e00000, 0x0000000092e00000| Complete 
| 303|0x0000000092f00000, 0x0000000093000000, 0x0000000093000000|100%| E|CS|TAMS 0x0000000092f00000, 0x0000000092f00000| Complete 
| 304|0x0000000093000000, 0x0000000093100000, 0x0000000093100000|100%| E|CS|TAMS 0x0000000093000000, 0x0000000093000000| Complete 
| 305|0x0000000093100000, 0x0000000093200000, 0x0000000093200000|100%| E|CS|TAMS 0x0000000093100000, 0x0000000093100000| Complete 
| 306|0x0000000093200000, 0x0000000093300000, 0x0000000093300000|100%| E|CS|TAMS 0x0000000093200000, 0x0000000093200000| Complete 
| 307|0x0000000093300000, 0x0000000093400000, 0x0000000093400000|100%| E|CS|TAMS 0x0000000093300000, 0x0000000093300000| Complete 
| 308|0x0000000093400000, 0x0000000093500000, 0x0000000093500000|100%| E|CS|TAMS 0x0000000093400000, 0x0000000093400000| Complete 
| 309|0x0000000093500000, 0x0000000093600000, 0x0000000093600000|100%| E|CS|TAMS 0x0000000093500000, 0x0000000093500000| Complete 
| 310|0x0000000093600000, 0x0000000093700000, 0x0000000093700000|100%| E|CS|TAMS 0x0000000093600000, 0x0000000093600000| Complete 
| 311|0x0000000093700000, 0x0000000093800000, 0x0000000093800000|100%| E|CS|TAMS 0x0000000093700000, 0x0000000093700000| Complete 
| 312|0x0000000093800000, 0x0000000093900000, 0x0000000093900000|100%| E|CS|TAMS 0x0000000093800000, 0x0000000093800000| Complete 
| 313|0x0000000093900000, 0x0000000093a00000, 0x0000000093a00000|100%| E|CS|TAMS 0x0000000093900000, 0x0000000093900000| Complete 
| 314|0x0000000093a00000, 0x0000000093b00000, 0x0000000093b00000|100%| E|CS|TAMS 0x0000000093a00000, 0x0000000093a00000| Complete 
| 315|0x0000000093b00000, 0x0000000093c00000, 0x0000000093c00000|100%| E|CS|TAMS 0x0000000093b00000, 0x0000000093b00000| Complete 
| 316|0x0000000093c00000, 0x0000000093d00000, 0x0000000093d00000|100%| E|CS|TAMS 0x0000000093c00000, 0x0000000093c00000| Complete 
| 317|0x0000000093d00000, 0x0000000093e00000, 0x0000000093e00000|100%| E|CS|TAMS 0x0000000093d00000, 0x0000000093d00000| Complete 
| 318|0x0000000093e00000, 0x0000000093f00000, 0x0000000093f00000|100%| E|CS|TAMS 0x0000000093e00000, 0x0000000093e00000| Complete 
| 319|0x0000000093f00000, 0x0000000094000000, 0x0000000094000000|100%| E|CS|TAMS 0x0000000093f00000, 0x0000000093f00000| Complete 
| 320|0x0000000094000000, 0x0000000094100000, 0x0000000094100000|100%| E|CS|TAMS 0x0000000094000000, 0x0000000094000000| Complete 
| 321|0x0000000094100000, 0x0000000094200000, 0x0000000094200000|100%| E|CS|TAMS 0x0000000094100000, 0x0000000094100000| Complete 
| 322|0x0000000094200000, 0x0000000094300000, 0x0000000094300000|100%| E|CS|TAMS 0x0000000094200000, 0x0000000094200000| Complete 

Card table byte_map: [0x00000188d16d0000,0x00000188d1ad0000] _byte_map_base: 0x00000188d12d0000

Marking Bits (Prev, Next): (CMBitMap*) 0x00000188ba27efe0, (CMBitMap*) 0x00000188ba27efa0
 Prev Bits: [0x00000188d3ed0000, 0x00000188d5ed0000)
 Next Bits: [0x00000188d1ed0000, 0x00000188d3ed0000)

Polling page: 0x00000188b7e90000

Metaspace:

Usage:
  Non-class:     89.17 MB used.
      Class:     14.52 MB used.
       Both:    103.69 MB used.

Virtual space:
  Non-class space:      128.00 MB reserved,      90.06 MB ( 70%) committed,  2 nodes.
      Class space:      416.00 MB reserved,      15.31 MB (  4%) committed,  1 nodes.
             Both:      544.00 MB reserved,     105.38 MB ( 19%) committed. 

Chunk freelists:
   Non-Class:  5.75 MB
       Class:  540.00 KB
        Both:  6.27 MB

MaxMetaspaceSize: 512.00 MB
CompressedClassSpaceSize: 416.00 MB
Initial GC threshold: 21.00 MB
Current GC threshold: 115.56 MB
CDS: on
MetaspaceReclaimPolicy: balanced
 - commit_granule_bytes: 65536.
 - commit_granule_words: 8192.
 - virtual_space_node_default_size: 8388608.
 - enlarge_chunks_in_place: 1.
 - new_chunks_are_fully_committed: 0.
 - uncommit_free_chunks: 1.
 - use_allocation_guard: 0.
 - handle_deallocations: 1.


Internal statistics:

num_allocs_failed_limit: 6.
num_arena_births: 2318.
num_arena_deaths: 0.
num_vsnodes_births: 3.
num_vsnodes_deaths: 0.
num_space_committed: 1686.
num_space_uncommitted: 0.
num_chunks_returned_to_freelist: 6.
num_chunks_taken_from_freelist: 7418.
num_chunk_merges: 6.
num_chunk_splits: 4706.
num_chunks_enlarged: 2822.
num_inconsistent_stats: 0.

CodeHeap 'non-profiled nmethods': size=120000Kb used=10611Kb max_used=10611Kb free=109388Kb
 bounds [0x00000188c9840000, 0x00000188ca2a0000, 0x00000188d0d70000]
CodeHeap 'profiled nmethods': size=120000Kb used=28089Kb max_used=28089Kb free=91910Kb
 bounds [0x00000188c1d70000, 0x00000188c38e0000, 0x00000188c92a0000]
CodeHeap 'non-nmethods': size=5760Kb used=1769Kb max_used=1830Kb free=3990Kb
 bounds [0x00000188c92a0000, 0x00000188c9510000, 0x00000188c9840000]
 total_blobs=14976 nmethods=14113 adapters=774
 compilation: enabled
              stopped_count=0, restarted_count=0
 full_count=0

Compilation events (20 events):
Event: 43.778 Thread 0x00000188d82d3930 16469       3       org.gradle.internal.instantiation.generator.AbstractClassGenerator$ClassGenerationHandler::applyTo (1 bytes)
Event: 43.778 Thread 0x00000188d82d3930 nmethod 16469 0x00000188c38d1510 code [0x00000188c38d16a0, 0x00000188c38d17b8]
Event: 43.778 Thread 0x00000188d82d3930 16470       3       org.gradle.internal.instantiation.generator.AbstractClassGenerator$NamePropertyHandler::applyTo (14 bytes)
Event: 43.778 Thread 0x00000188d82d3930 nmethod 16470 0x00000188c38d1890 code [0x00000188c38d1a40, 0x00000188c38d1c48]
Event: 43.793 Thread 0x00000188d82d3930 16473       3       org.gradle.internal.component.external.model.AbstractMutableModuleComponentResolveMetadata::getVariants (168 bytes)
Event: 43.794 Thread 0x00000188d82d3930 nmethod 16473 0x00000188c38d1d10 code [0x00000188c38d1fe0, 0x00000188c38d2fe8]
Event: 43.807 Thread 0x00000188d82d3930 16474       3       org.gradle.internal.component.external.model.JavaEcosystemVariantDerivationStrategy::libraryWithSourcesVariant (44 bytes)
Event: 43.809 Thread 0x00000188d82d3930 nmethod 16474 0x00000188c38d3590 code [0x00000188c38d3820, 0x00000188c38d45a8]
Event: 43.809 Thread 0x00000188d82d3930 16475       3       org.gradle.api.internal.artifacts.repositories.metadata.DefaultMavenAttributesFactory::sourcesVariant (32 bytes)
Event: 43.810 Thread 0x00000188d82d3930 nmethod 16475 0x00000188c38d4a90 code [0x00000188c38d4d40, 0x00000188c38d5f58]
Event: 43.810 Thread 0x00000188d82d3930 16476       3       org.gradle.api.internal.artifacts.repositories.metadata.DefaultMavenAttributesFactory$$Lambda$837/0x00000188da5d3ae8::<init> (15 bytes)
Event: 43.811 Thread 0x00000188d82d3930 nmethod 16476 0x00000188c38d6490 code [0x00000188c38d6640, 0x00000188c38d6858]
Event: 43.811 Thread 0x00000188d82d3930 16477       3       org.gradle.internal.component.external.model.JavaEcosystemVariantDerivationStrategy::libraryWithJavadocVariant (44 bytes)
Event: 43.812 Thread 0x00000188d82d3930 nmethod 16477 0x00000188c38d6910 code [0x00000188c38d6ba0, 0x00000188c38d7928]
Event: 43.812 Thread 0x00000188d82d3930 16478       3       org.gradle.api.internal.artifacts.repositories.metadata.DefaultMavenAttributesFactory::javadocVariant (32 bytes)
Event: 43.813 Thread 0x00000188d82d3930 nmethod 16478 0x00000188c38d7e10 code [0x00000188c38d80c0, 0x00000188c38d92d8]
Event: 43.813 Thread 0x00000188d82d3930 16479       3       org.gradle.api.internal.artifacts.repositories.metadata.DefaultMavenAttributesFactory$$Lambda$838/0x00000188da5d3d28::<init> (15 bytes)
Event: 43.814 Thread 0x00000188d82d3930 nmethod 16479 0x00000188c38d9810 code [0x00000188c38d99c0, 0x00000188c38d9bd8]
Event: 43.814 Thread 0x00000188d82d3930 16480       3       com.google.common.collect.ImmutableList::of (47 bytes)
Event: 43.814 Thread 0x00000188d82d3930 nmethod 16480 0x00000188c38d9c90 code [0x00000188c38d9f00, 0x00000188c38dafd8]

GC Heap History (20 events):
Event: 39.189 GC heap before
{Heap before GC invocations=52 (full 0):
 garbage-first heap   total 229376K, used 195468K [0x0000000080000000, 0x0000000100000000)
  region size 1024K, 28 young (28672K), 3 survivors (3072K)
 Metaspace       used 103573K, committed 105024K, reserved 557056K
  class space    used 14576K, committed 15296K, reserved 425984K
}
Event: 39.195 GC heap after
{Heap after GC invocations=53 (full 0):
 garbage-first heap   total 275456K, used 172638K [0x0000000080000000, 0x0000000100000000)
  region size 1024K, 4 young (4096K), 4 survivors (4096K)
 Metaspace       used 103573K, committed 105024K, reserved 557056K
  class space    used 14576K, committed 15296K, reserved 425984K
}
Event: 40.508 GC heap before
{Heap before GC invocations=53 (full 0):
 garbage-first heap   total 275456K, used 227934K [0x0000000080000000, 0x0000000100000000)
  region size 1024K, 59 young (60416K), 4 survivors (4096K)
 Metaspace       used 105487K, committed 107008K, reserved 557056K
  class space    used 14783K, committed 15488K, reserved 425984K
}
Event: 40.520 GC heap after
{Heap after GC invocations=54 (full 0):
 garbage-first heap   total 275456K, used 184015K [0x0000000080000000, 0x0000000100000000)
  region size 1024K, 8 young (8192K), 8 survivors (8192K)
 Metaspace       used 105487K, committed 107008K, reserved 557056K
  class space    used 14783K, committed 15488K, reserved 425984K
}
Event: 40.911 GC heap before
{Heap before GC invocations=54 (full 0):
 garbage-first heap   total 275456K, used 225999K [0x0000000080000000, 0x0000000100000000)
  region size 1024K, 50 young (51200K), 8 survivors (8192K)
 Metaspace       used 105504K, committed 107008K, reserved 557056K
  class space    used 14783K, committed 15488K, reserved 425984K
}
Event: 40.922 GC heap after
{Heap after GC invocations=55 (full 0):
 garbage-first heap   total 275456K, used 188302K [0x0000000080000000, 0x0000000100000000)
  region size 1024K, 5 young (5120K), 5 survivors (5120K)
 Metaspace       used 105504K, committed 107008K, reserved 557056K
  class space    used 14783K, committed 15488K, reserved 425984K
}
Event: 41.182 GC heap before
{Heap before GC invocations=55 (full 0):
 garbage-first heap   total 275456K, used 228238K [0x0000000080000000, 0x0000000100000000)
  region size 1024K, 45 young (46080K), 5 survivors (5120K)
 Metaspace       used 105514K, committed 107008K, reserved 557056K
  class space    used 14783K, committed 15488K, reserved 425984K
}
Event: 41.187 GC heap after
{Heap after GC invocations=56 (full 0):
 garbage-first heap   total 275456K, used 190072K [0x0000000080000000, 0x0000000100000000)
  region size 1024K, 4 young (4096K), 4 survivors (4096K)
 Metaspace       used 105514K, committed 107008K, reserved 557056K
  class space    used 14783K, committed 15488K, reserved 425984K
}
Event: 41.500 GC heap before
{Heap before GC invocations=56 (full 0):
 garbage-first heap   total 275456K, used 231032K [0x0000000080000000, 0x0000000100000000)
  region size 1024K, 45 young (46080K), 4 survivors (4096K)
 Metaspace       used 105546K, committed 107008K, reserved 557056K
  class space    used 14789K, committed 15488K, reserved 425984K
}
Event: 41.505 GC heap after
{Heap after GC invocations=57 (full 0):
 garbage-first heap   total 275456K, used 191337K [0x0000000080000000, 0x0000000100000000)
  region size 1024K, 4 young (4096K), 4 survivors (4096K)
 Metaspace       used 105546K, committed 107008K, reserved 557056K
  class space    used 14789K, committed 15488K, reserved 425984K
}
Event: 42.491 GC heap before
{Heap before GC invocations=57 (full 0):
 garbage-first heap   total 275456K, used 234345K [0x0000000080000000, 0x0000000100000000)
  region size 1024K, 44 young (45056K), 4 survivors (4096K)
 Metaspace       used 105918K, committed 107456K, reserved 557056K
  class space    used 14831K, committed 15552K, reserved 425984K
}
Event: 42.500 GC heap after
{Heap after GC invocations=58 (full 0):
 garbage-first heap   total 275456K, used 203329K [0x0000000080000000, 0x0000000100000000)
  region size 1024K, 6 young (6144K), 6 survivors (6144K)
 Metaspace       used 105918K, committed 107456K, reserved 557056K
  class space    used 14831K, committed 15552K, reserved 425984K
}
Event: 42.641 GC heap before
{Heap before GC invocations=58 (full 0):
 garbage-first heap   total 275456K, used 232001K [0x0000000080000000, 0x0000000100000000)
  region size 1024K, 35 young (35840K), 6 survivors (6144K)
 Metaspace       used 105923K, committed 107520K, reserved 557056K
  class space    used 14831K, committed 15552K, reserved 425984K
}
Event: 42.647 GC heap after
{Heap after GC invocations=59 (full 0):
 garbage-first heap   total 275456K, used 206919K [0x0000000080000000, 0x0000000100000000)
  region size 1024K, 4 young (4096K), 4 survivors (4096K)
 Metaspace       used 105923K, committed 107520K, reserved 557056K
  class space    used 14831K, committed 15552K, reserved 425984K
}
Event: 42.773 GC heap before
{Heap before GC invocations=59 (full 0):
 garbage-first heap   total 275456K, used 233543K [0x0000000080000000, 0x0000000100000000)
  region size 1024K, 31 young (31744K), 4 survivors (4096K)
 Metaspace       used 105923K, committed 107520K, reserved 557056K
  class space    used 14831K, committed 15552K, reserved 425984K
}
Event: 42.777 GC heap after
{Heap after GC invocations=60 (full 0):
 garbage-first heap   total 275456K, used 207793K [0x0000000080000000, 0x0000000100000000)
  region size 1024K, 3 young (3072K), 3 survivors (3072K)
 Metaspace       used 105923K, committed 107520K, reserved 557056K
  class space    used 14831K, committed 15552K, reserved 425984K
}
Event: 42.921 GC heap before
{Heap before GC invocations=60 (full 0):
 garbage-first heap   total 275456K, used 234417K [0x0000000080000000, 0x0000000100000000)
  region size 1024K, 30 young (30720K), 3 survivors (3072K)
 Metaspace       used 105923K, committed 107520K, reserved 557056K
  class space    used 14831K, committed 15552K, reserved 425984K
}
Event: 42.926 GC heap after
{Heap after GC invocations=61 (full 0):
 garbage-first heap   total 275456K, used 208490K [0x0000000080000000, 0x0000000100000000)
  region size 1024K, 3 young (3072K), 3 survivors (3072K)
 Metaspace       used 105923K, committed 107520K, reserved 557056K
  class space    used 14831K, committed 15552K, reserved 425984K
}
Event: 43.080 GC heap before
{Heap before GC invocations=61 (full 0):
 garbage-first heap   total 275456K, used 236138K [0x0000000080000000, 0x0000000100000000)
  region size 1024K, 31 young (31744K), 3 survivors (3072K)
 Metaspace       used 105923K, committed 107520K, reserved 557056K
  class space    used 14831K, committed 15552K, reserved 425984K
}
Event: 43.085 GC heap after
{Heap after GC invocations=62 (full 0):
 garbage-first heap   total 330752K, used 208986K [0x0000000080000000, 0x0000000100000000)
  region size 1024K, 3 young (3072K), 3 survivors (3072K)
 Metaspace       used 105923K, committed 107520K, reserved 557056K
  class space    used 14831K, committed 15552K, reserved 425984K
}

Dll operation events (15 events):
Event: 0.016 Loaded shared library C:\Program Files\Microsoft\jdk-17.0.16.8-hotspot\bin\java.dll
Event: 0.036 Loaded shared library C:\Program Files\Microsoft\jdk-17.0.16.8-hotspot\bin\jsvml.dll
Event: 0.108 Loaded shared library C:\Program Files\Microsoft\jdk-17.0.16.8-hotspot\bin\zip.dll
Event: 0.114 Loaded shared library C:\Program Files\Microsoft\jdk-17.0.16.8-hotspot\bin\instrument.dll
Event: 0.121 Loaded shared library C:\Program Files\Microsoft\jdk-17.0.16.8-hotspot\bin\net.dll
Event: 0.124 Loaded shared library C:\Program Files\Microsoft\jdk-17.0.16.8-hotspot\bin\nio.dll
Event: 0.130 Loaded shared library C:\Program Files\Microsoft\jdk-17.0.16.8-hotspot\bin\zip.dll
Event: 0.545 Loaded shared library C:\Program Files\Microsoft\jdk-17.0.16.8-hotspot\bin\jimage.dll
Event: 0.928 Loaded shared library C:\Program Files\Microsoft\jdk-17.0.16.8-hotspot\bin\verify.dll
Event: 0.994 Loaded shared library C:\Users\vj999\.gradle\native\1def1411415f61bf3af743bc5b6707747c0891f09f0c88961ee8f79bc544acac\windows-amd64\native-platform.dll
Event: 1.032 Loaded shared library C:\Users\vj999\.gradle\native\0.2.8\x86_64-windows-gnu\gradle-fileevents.dll
Event: 2.865 Loaded shared library C:\Program Files\Microsoft\jdk-17.0.16.8-hotspot\bin\management.dll
Event: 2.869 Loaded shared library C:\Program Files\Microsoft\jdk-17.0.16.8-hotspot\bin\management_ext.dll
Event: 3.414 Loaded shared library C:\Program Files\Microsoft\jdk-17.0.16.8-hotspot\bin\extnet.dll
Event: 3.765 Loaded shared library C:\Program Files\Microsoft\jdk-17.0.16.8-hotspot\bin\sunmscapi.dll

Deoptimization events (20 events):
Event: 40.745 Thread 0x00000188fb1bbb30 DEOPT PACKING pc=0x00000188c9980274 sp=0x00000070772fcb90
Event: 40.745 Thread 0x00000188fb1bbb30 DEOPT UNPACKING pc=0x00000188c92f69a3 sp=0x00000070772fcb30 mode 2
Event: 40.990 Thread 0x00000188f96e1fb0 DEOPT PACKING pc=0x00000188c1efcb7b sp=0x000000706f8fe500
Event: 40.990 Thread 0x00000188f96e1fb0 DEOPT UNPACKING pc=0x00000188c92f7143 sp=0x000000706f8fd9b8 mode 0
Event: 41.020 Thread 0x00000188f96e1fb0 DEOPT PACKING pc=0x00000188c1efcb7b sp=0x000000706f8fe500
Event: 41.020 Thread 0x00000188f96e1fb0 DEOPT UNPACKING pc=0x00000188c92f7143 sp=0x000000706f8fd9b8 mode 0
Event: 41.061 Thread 0x00000188fb1be3b0 Uncommon trap: trap_request=0xffffff45 fr.pc=0x00000188c9c525b0 relative=0x00000000000009d0
Event: 41.061 Thread 0x00000188fb1be3b0 Uncommon trap: reason=unstable_if action=reinterpret pc=0x00000188c9c525b0 method=java.util.concurrent.ConcurrentLinkedQueue.poll()Ljava/lang/Object; @ 24 c2
Event: 41.061 Thread 0x00000188fb1be3b0 DEOPT PACKING pc=0x00000188c9c525b0 sp=0x00000070776fd500
Event: 41.061 Thread 0x00000188fb1be3b0 DEOPT UNPACKING pc=0x00000188c92f69a3 sp=0x00000070776fd448 mode 2
Event: 41.153 Thread 0x00000188d8c58b80 Uncommon trap: trap_request=0xffffff45 fr.pc=0x00000188c997a9cc relative=0x000000000000052c
Event: 41.153 Thread 0x00000188d8c58b80 Uncommon trap: reason=unstable_if action=reinterpret pc=0x00000188c997a9cc method=java.util.concurrent.ConcurrentLinkedQueue.updateHead(Ljava/util/concurrent/ConcurrentLinkedQueue$Node;Ljava/util/concurrent/ConcurrentLinkedQueue$Node;)V @ 14 c2
Event: 41.153 Thread 0x00000188d8c58b80 DEOPT PACKING pc=0x00000188c997a9cc sp=0x000000706f2f72e0
Event: 41.153 Thread 0x00000188d8c58b80 DEOPT UNPACKING pc=0x00000188c92f69a3 sp=0x000000706f2f7218 mode 2
Event: 41.732 Thread 0x00000188d8c58b80 DEOPT PACKING pc=0x00000188c3377fd4 sp=0x000000706f2f3000
Event: 41.732 Thread 0x00000188d8c58b80 DEOPT UNPACKING pc=0x00000188c92f7143 sp=0x000000706f2f2568 mode 0
Event: 41.855 Thread 0x00000188d8c58b80 Uncommon trap: trap_request=0xffffffcc fr.pc=0x00000188ca20602c relative=0x000000000000510c
Event: 41.855 Thread 0x00000188d8c58b80 Uncommon trap: reason=intrinsic_or_type_checked_inlining action=make_not_entrant pc=0x00000188ca20602c method=java.util.ArrayList$SubList.toArray([Ljava/lang/Object;)[Ljava/lang/Object; @ 58 c2
Event: 41.855 Thread 0x00000188d8c58b80 DEOPT PACKING pc=0x00000188ca20602c sp=0x000000706f2f8c00
Event: 41.856 Thread 0x00000188d8c58b80 DEOPT UNPACKING pc=0x00000188c92f69a3 sp=0x000000706f2f8b68 mode 2

Classes loaded (20 events):
Event: 40.036 Loading class java/util/HashtableBeanInfo
Event: 40.036 Loading class java/util/HashtableBeanInfo done
Event: 40.036 Loading class java/util/DictionaryBeanInfo
Event: 40.036 Loading class java/util/DictionaryBeanInfo done
Event: 40.036 Loading class java/util/DictionaryBeanInfo
Event: 40.036 Loading class java/util/DictionaryBeanInfo done
Event: 40.037 Loading class java/util/DictionaryCustomizer
Event: 40.037 Loading class java/util/DictionaryCustomizer done
Event: 40.037 Loading class java/util/DictionaryCustomizer
Event: 40.037 Loading class java/util/DictionaryCustomizer done
Event: 40.037 Loading class java/util/HashtableCustomizer
Event: 40.037 Loading class java/util/HashtableCustomizer done
Event: 40.038 Loading class java/util/HashtableCustomizer
Event: 40.038 Loading class java/util/HashtableCustomizer done
Event: 40.039 Loading class java/util/PropertiesCustomizer
Event: 40.039 Loading class java/util/PropertiesCustomizer done
Event: 40.039 Loading class java/util/PropertiesCustomizer
Event: 40.039 Loading class java/util/PropertiesCustomizer done
Event: 43.130 Loading class jdk/internal/misc/ScopedMemoryAccess$Scope$Handle
Event: 43.130 Loading class jdk/internal/misc/ScopedMemoryAccess$Scope$Handle done

Classes unloaded (0 events):
No events

Classes redefined (0 events):
No events

Internal exceptions (20 events):
Event: 41.731 Thread 0x00000188d8c58b80 Exception <a 'java/lang/ClassNotFoundException'{0x0000000090376c38}: com/android/build/gradle/internal/api/DefaultAndroidSourceFileBeanInfo> (0x0000000090376c38) 
thrown [s\src\hotspot\share\classfile\systemDictionary.cpp, line 256]
Event: 41.732 Thread 0x00000188d8c58b80 Exception <a 'java/lang/ClassNotFoundException'{0x000000009038b1f0}: com/android/build/gradle/internal/api/DefaultAndroidSourceFileCustomizer> (0x000000009038b1f0) 
thrown [s\src\hotspot\share\classfile\systemDictionary.cpp, line 256]
Event: 41.737 Thread 0x00000188d8c58b80 Exception <a 'java/lang/ClassNotFoundException'{0x00000000903cce58}: build_bomevl0za3dehl780csi9pkt4$_run_closure1BeanInfo> (0x00000000903cce58) 
thrown [s\src\hotspot\share\classfile\systemDictionary.cpp, line 256]
Event: 41.737 Thread 0x00000188d8c58b80 Exception <a 'java/lang/ClassNotFoundException'{0x00000000903d7fd8}: build_bomevl0za3dehl780csi9pkt4$_run_closure1Customizer> (0x00000000903d7fd8) 
thrown [s\src\hotspot\share\classfile\systemDictionary.cpp, line 256]
Event: 41.894 Thread 0x00000188d8c58b80 Exception <a 'java/lang/ClassNotFoundException'{0x000000008fa03ab8}: build_3aiimzaa9e4fvzeshcpevcux2BeanInfo> (0x000000008fa03ab8) 
thrown [s\src\hotspot\share\classfile\systemDictionary.cpp, line 256]
Event: 41.894 Thread 0x00000188d8c58b80 Exception <a 'java/lang/ClassNotFoundException'{0x000000008fa0b1a8}: build_3aiimzaa9e4fvzeshcpevcux2Customizer> (0x000000008fa0b1a8) 
thrown [s\src\hotspot\share\classfile\systemDictionary.cpp, line 256]
Event: 41.924 Thread 0x00000188d8c58b80 Exception <a 'java/lang/ClassNotFoundException'{0x000000008f937b20}: build_3aiimzaa9e4fvzeshcpevcux2BeanInfo> (0x000000008f937b20) 
thrown [s\src\hotspot\share\classfile\systemDictionary.cpp, line 256]
Event: 41.924 Thread 0x00000188d8c58b80 Exception <a 'java/lang/ClassNotFoundException'{0x000000008f93f1a8}: build_3aiimzaa9e4fvzeshcpevcux2Customizer> (0x000000008f93f1a8) 
thrown [s\src\hotspot\share\classfile\systemDictionary.cpp, line 256]
Event: 42.013 Thread 0x00000188d8c58b80 Exception <a 'java/lang/ClassNotFoundException'{0x000000008f560bf0}: build_3aiimzaa9e4fvzeshcpevcux2$_run_closure1BeanInfo> (0x000000008f560bf0) 
thrown [s\src\hotspot\share\classfile\systemDictionary.cpp, line 256]
Event: 42.015 Thread 0x00000188d8c58b80 Exception <a 'java/lang/ClassNotFoundException'{0x000000008f56cc40}: build_3aiimzaa9e4fvzeshcpevcux2$_run_closure1Customizer> (0x000000008f56cc40) 
thrown [s\src\hotspot\share\classfile\systemDictionary.cpp, line 256]
Event: 42.237 Thread 0x00000188d8c58b80 Exception <a 'java/lang/ClassNotFoundException'{0x000000008ec2b938}: build_890jxnh0ugczzqj0tsi3odrwpBeanInfo> (0x000000008ec2b938) 
thrown [s\src\hotspot\share\classfile\systemDictionary.cpp, line 256]
Event: 42.237 Thread 0x00000188d8c58b80 Exception <a 'java/lang/ClassNotFoundException'{0x000000008ec33028}: build_890jxnh0ugczzqj0tsi3odrwpCustomizer> (0x000000008ec33028) 
thrown [s\src\hotspot\share\classfile\systemDictionary.cpp, line 256]
Event: 42.258 Thread 0x00000188d8c58b80 Exception <a 'java/lang/ClassNotFoundException'{0x000000008ec9c788}: build_890jxnh0ugczzqj0tsi3odrwp$_run_closure1BeanInfo> (0x000000008ec9c788) 
thrown [s\src\hotspot\share\classfile\systemDictionary.cpp, line 256]
Event: 42.259 Thread 0x00000188d8c58b80 Exception <a 'java/lang/ClassNotFoundException'{0x000000008eca5450}: build_890jxnh0ugczzqj0tsi3odrwp$_run_closure1Customizer> (0x000000008eca5450) 
thrown [s\src\hotspot\share\classfile\systemDictionary.cpp, line 256]
Event: 43.210 Thread 0x00000188d8c58b80 Exception <a 'java/lang/ClassNotFoundException'{0x00000000931c48f8}: build_890jxnh0ugczzqj0tsi3odrwpBeanInfo> (0x00000000931c48f8) 
thrown [s\src\hotspot\share\classfile\systemDictionary.cpp, line 256]
Event: 43.211 Thread 0x00000188d8c58b80 Exception <a 'java/lang/ClassNotFoundException'{0x00000000931cbf80}: build_890jxnh0ugczzqj0tsi3odrwpCustomizer> (0x00000000931cbf80) 
thrown [s\src\hotspot\share\classfile\systemDictionary.cpp, line 256]
Event: 43.553 Thread 0x00000188d8c58b80 Exception <a 'java/lang/ClassNotFoundException'{0x00000000927a0ee8}: build_890jxnh0ugczzqj0tsi3odrwp$_run_closure1BeanInfo> (0x00000000927a0ee8) 
thrown [s\src\hotspot\share\classfile\systemDictionary.cpp, line 256]
Event: 43.555 Thread 0x00000188d8c58b80 Exception <a 'java/lang/ClassNotFoundException'{0x00000000927abe98}: build_890jxnh0ugczzqj0tsi3odrwp$_run_closure1Customizer> (0x00000000927abe98) 
thrown [s\src\hotspot\share\classfile\systemDictionary.cpp, line 256]
Event: 43.734 Thread 0x00000188d8c58b80 Exception <a 'java/lang/ClassNotFoundException'{0x0000000091fe2a08}: build_6tnv0uhz6yzj12m3cw89hu0kxBeanInfo> (0x0000000091fe2a08) 
thrown [s\src\hotspot\share\classfile\systemDictionary.cpp, line 256]
Event: 43.735 Thread 0x00000188d8c58b80 Exception <a 'java/lang/ClassNotFoundException'{0x0000000091fea0f8}: build_6tnv0uhz6yzj12m3cw89hu0kxCustomizer> (0x0000000091fea0f8) 
thrown [s\src\hotspot\share\classfile\systemDictionary.cpp, line 256]

VM Operations (20 events):
Event: 40.910 Executing VM operation: G1CollectForAllocation
Event: 40.922 Executing VM operation: G1CollectForAllocation done
Event: 41.181 Executing VM operation: G1CollectForAllocation
Event: 41.187 Executing VM operation: G1CollectForAllocation done
Event: 41.500 Executing VM operation: G1CollectForAllocation
Event: 41.505 Executing VM operation: G1CollectForAllocation done
Event: 42.460 Executing VM operation: ICBufferFull
Event: 42.460 Executing VM operation: ICBufferFull done
Event: 42.491 Executing VM operation: G1CollectForAllocation
Event: 42.500 Executing VM operation: G1CollectForAllocation done
Event: 42.641 Executing VM operation: G1CollectForAllocation
Event: 42.647 Executing VM operation: G1CollectForAllocation done
Event: 42.773 Executing VM operation: G1CollectForAllocation
Event: 42.777 Executing VM operation: G1CollectForAllocation done
Event: 42.921 Executing VM operation: G1CollectForAllocation
Event: 42.926 Executing VM operation: G1CollectForAllocation done
Event: 43.080 Executing VM operation: G1CollectForAllocation
Event: 43.085 Executing VM operation: G1CollectForAllocation done
Event: 44.099 Executing VM operation: Cleanup
Event: 44.099 Executing VM operation: Cleanup done

Memory protections (0 events):
No events

Nmethod flushes (20 events):
Event: 38.614 Thread 0x00000188d82e0290 flushing  nmethod 0x00000188c33d9a10
Event: 38.615 Thread 0x00000188d82e0290 flushing  nmethod 0x00000188c3471e10
Event: 38.615 Thread 0x00000188d82e0290 flushing  nmethod 0x00000188c3477190
Event: 38.615 Thread 0x00000188d82e0290 flushing  nmethod 0x00000188c34a0110
Event: 38.615 Thread 0x00000188d82e0290 flushing  nmethod 0x00000188c34a0990
Event: 38.615 Thread 0x00000188d82e0290 flushing  nmethod 0x00000188c34be790
Event: 38.615 Thread 0x00000188d82e0290 flushing  nmethod 0x00000188c34d4510
Event: 38.615 Thread 0x00000188d82e0290 flushing  nmethod 0x00000188c34d6d90
Event: 38.616 Thread 0x00000188d82e0290 flushing  nmethod 0x00000188c35c7710
Event: 40.709 Thread 0x00000188d82e0290 flushing  nmethod 0x00000188c1e39610
Event: 40.709 Thread 0x00000188d82e0290 flushing  nmethod 0x00000188c1e3bb10
Event: 40.710 Thread 0x00000188d82e0290 flushing  nmethod 0x00000188c1efba90
Event: 40.710 Thread 0x00000188d82e0290 flushing  nmethod 0x00000188c1efe890
Event: 40.711 Thread 0x00000188d82e0290 flushing  nmethod 0x00000188c1f91b90
Event: 40.711 Thread 0x00000188d82e0290 flushing  nmethod 0x00000188c1fbb490
Event: 40.718 Thread 0x00000188d82e0290 flushing  nmethod 0x00000188c2410c90
Event: 40.718 Thread 0x00000188d82e0290 flushing  nmethod 0x00000188c247a890
Event: 40.729 Thread 0x00000188d82e0290 flushing  nmethod 0x00000188c2d18910
Event: 40.729 Thread 0x00000188d82e0290 flushing  nmethod 0x00000188c2d22690
Event: 40.733 Thread 0x00000188d82e0290 flushing  nmethod 0x00000188c2fbac10

Events (20 events):
Event: 26.294 Thread 0x00000188d8c58b80 Thread added: 0x00000188fb5a3c90
Event: 26.795 Thread 0x00000188f82fb750 Thread exited: 0x00000188f82fb750
Event: 28.105 Thread 0x00000188d8c58b80 Thread added: 0x00000188fb5a50d0
Event: 30.104 Thread 0x00000188d82d3930 Thread added: 0x00000188f82fb750
Event: 30.521 Thread 0x00000188f82fb750 Thread exited: 0x00000188f82fb750
Event: 30.728 Thread 0x00000188d82d3930 Thread added: 0x00000188f82fb750
Event: 31.831 Thread 0x00000188d82d3930 Thread added: 0x00000188fa203b80
Event: 32.899 Thread 0x00000188d8c58b80 Thread added: 0x00000188d8c5a9e0
Event: 34.602 Thread 0x00000188d8c58b80 Thread added: 0x00000188fa522810
Event: 36.092 Thread 0x00000188d8c58b80 Thread added: 0x00000188fa525090
Event: 36.140 Thread 0x00000188d8c58b80 Thread added: 0x00000188fa522300
Event: 36.156 Thread 0x00000188d8c58b80 Thread added: 0x00000188fa524670
Event: 36.650 Thread 0x00000188d8c58b80 Thread added: 0x00000188fa524160
Event: 38.112 Thread 0x00000188fa203b80 Thread exited: 0x00000188fa203b80
Event: 38.112 Thread 0x00000188f82fb750 Thread exited: 0x00000188f82fb750
Event: 38.232 Thread 0x00000188d82d3930 Thread added: 0x00000188ff53cb00
Event: 38.280 Thread 0x00000188d82d3930 Thread added: 0x00000188ff542aa0
Event: 43.443 Thread 0x00000188ff542aa0 Thread exited: 0x00000188ff542aa0
Event: 43.596 Thread 0x00000188ff53cb00 Thread exited: 0x00000188ff53cb00
Event: 43.707 Thread 0x00000188d82d3930 Thread added: 0x00000188f82f9cc0


Dynamic libraries:
0x00007ff678bf0000 - 0x00007ff678bfe000 	C:\Program Files\Microsoft\jdk-17.0.16.8-hotspot\bin\java.exe
0x00007ff899b20000 - 0x00007ff899d88000 	C:\WINDOWS\SYSTEM32\ntdll.dll
0x00007ff898fe0000 - 0x00007ff8990a9000 	C:\WINDOWS\System32\KERNEL32.DLL
0x00007ff897120000 - 0x00007ff897518000 	C:\WINDOWS\System32\KERNELBASE.dll
0x00007ff896f20000 - 0x00007ff89706b000 	C:\WINDOWS\System32\ucrtbase.dll
0x00007ff871250000 - 0x00007ff87126e000 	C:\Program Files\Microsoft\jdk-17.0.16.8-hotspot\bin\VCRUNTIME140.dll
0x00007ff866c90000 - 0x00007ff866ca8000 	C:\Program Files\Microsoft\jdk-17.0.16.8-hotspot\bin\jli.dll
0x00007ff8979c0000 - 0x00007ff897b87000 	C:\WINDOWS\System32\USER32.dll
0x00007ff8778e0000 - 0x00007ff877b74000 	C:\WINDOWS\WinSxS\amd64_microsoft.windows.common-controls_6595b64144ccf1df_6.0.26100.7019_none_3e06ffa0e335b8a8\COMCTL32.dll
0x00007ff8975e0000 - 0x00007ff897607000 	C:\WINDOWS\System32\win32u.dll
0x00007ff898f30000 - 0x00007ff898fd9000 	C:\WINDOWS\System32\msvcrt.dll
0x00007ff899650000 - 0x00007ff89967b000 	C:\WINDOWS\System32\GDI32.dll
0x00007ff896c70000 - 0x00007ff896d9c000 	C:\WINDOWS\System32\gdi32full.dll
0x00007ff897610000 - 0x00007ff8976b3000 	C:\WINDOWS\System32\msvcp_win.dll
0x00007ff899aa0000 - 0x00007ff899ad1000 	C:\WINDOWS\System32\IMM32.DLL
0x00007ff878470000 - 0x00007ff87847c000 	C:\Program Files\Microsoft\jdk-17.0.16.8-hotspot\bin\vcruntime140_1.dll
0x00007ff851fd0000 - 0x00007ff852059000 	C:\Program Files\Microsoft\jdk-17.0.16.8-hotspot\bin\msvcp140.dll
0x00007ff8344a0000 - 0x00007ff83511a000 	C:\Program Files\Microsoft\jdk-17.0.16.8-hotspot\bin\server\jvm.dll
0x00007ff899220000 - 0x00007ff8992d4000 	C:\WINDOWS\System32\ADVAPI32.dll
0x00007ff899400000 - 0x00007ff8994a6000 	C:\WINDOWS\System32\sechost.dll
0x00007ff898e00000 - 0x00007ff898f18000 	C:\WINDOWS\System32\RPCRT4.dll
0x00007ff899880000 - 0x00007ff8998f4000 	C:\WINDOWS\System32\WS2_32.dll
0x00007ff896ad0000 - 0x00007ff896b2e000 	C:\WINDOWS\SYSTEM32\POWRPROF.dll
0x00007ff888730000 - 0x00007ff888765000 	C:\WINDOWS\SYSTEM32\WINMM.dll
0x00007ff88ea90000 - 0x00007ff88ea9b000 	C:\WINDOWS\SYSTEM32\VERSION.dll
0x00007ff896ab0000 - 0x00007ff896ac4000 	C:\WINDOWS\SYSTEM32\UMPDC.dll
0x00007ff895a30000 - 0x00007ff895a4b000 	C:\WINDOWS\SYSTEM32\kernel.appcore.dll
0x00007ff8783d0000 - 0x00007ff8783da000 	C:\Program Files\Microsoft\jdk-17.0.16.8-hotspot\bin\jimage.dll
0x00007ff888b60000 - 0x00007ff888da2000 	C:\WINDOWS\SYSTEM32\DBGHELP.DLL
0x00007ff898a40000 - 0x00007ff898dcb000 	C:\WINDOWS\System32\combase.dll
0x00007ff8990c0000 - 0x00007ff899197000 	C:\WINDOWS\System32\OLEAUT32.dll
0x00007ff872ae0000 - 0x00007ff872b1c000 	C:\WINDOWS\SYSTEM32\dbgcore.DLL
0x00007ff897070000 - 0x00007ff897115000 	C:\WINDOWS\System32\bcryptPrimitives.dll
0x00007ff872a10000 - 0x00007ff872a1f000 	C:\Program Files\Microsoft\jdk-17.0.16.8-hotspot\bin\instrument.dll
0x00007ff865600000 - 0x00007ff865626000 	C:\Program Files\Microsoft\jdk-17.0.16.8-hotspot\bin\java.dll
0x00007ff850ae0000 - 0x00007ff850bb6000 	C:\Program Files\Microsoft\jdk-17.0.16.8-hotspot\bin\jsvml.dll
0x00007ff8982e0000 - 0x00007ff898a2f000 	C:\WINDOWS\System32\SHELL32.dll
0x00007ff8976c0000 - 0x00007ff89782b000 	C:\WINDOWS\System32\wintypes.dll
0x00007ff894860000 - 0x00007ff8950bd000 	C:\WINDOWS\SYSTEM32\windows.storage.dll
0x00007ff899300000 - 0x00007ff8993f2000 	C:\WINDOWS\System32\SHCORE.dll
0x00007ff897bf0000 - 0x00007ff897c57000 	C:\WINDOWS\System32\shlwapi.dll
0x00007ff896b90000 - 0x00007ff896bb9000 	C:\WINDOWS\SYSTEM32\profapi.dll
0x00007ff8653b0000 - 0x00007ff8653c8000 	C:\Program Files\Microsoft\jdk-17.0.16.8-hotspot\bin\zip.dll
0x00007ff866530000 - 0x00007ff86654b000 	C:\Program Files\Microsoft\jdk-17.0.16.8-hotspot\bin\net.dll
0x00007ff88ff90000 - 0x00007ff8900b8000 	C:\WINDOWS\SYSTEM32\WINHTTP.dll
0x00007ff895fa0000 - 0x00007ff89600b000 	C:\WINDOWS\system32\mswsock.dll
0x00007ff866150000 - 0x00007ff866166000 	C:\Program Files\Microsoft\jdk-17.0.16.8-hotspot\bin\nio.dll
0x00007ff876260000 - 0x00007ff876270000 	C:\Program Files\Microsoft\jdk-17.0.16.8-hotspot\bin\verify.dll
0x00007ff85eef0000 - 0x00007ff85ef17000 	C:\Users\vj999\.gradle\native\1def1411415f61bf3af743bc5b6707747c0891f09f0c88961ee8f79bc544acac\windows-amd64\native-platform.dll
0x00007ff850870000 - 0x00007ff8508e7000 	C:\Users\vj999\.gradle\native\0.2.8\x86_64-windows-gnu\gradle-fileevents.dll
0x00007ff877400000 - 0x00007ff87740a000 	C:\Program Files\Microsoft\jdk-17.0.16.8-hotspot\bin\management.dll
0x00007ff876e80000 - 0x00007ff876e8c000 	C:\Program Files\Microsoft\jdk-17.0.16.8-hotspot\bin\management_ext.dll
0x00007ff8992e0000 - 0x00007ff8992e8000 	C:\WINDOWS\System32\PSAPI.DLL
0x00007ff8954b0000 - 0x00007ff8954e4000 	C:\WINDOWS\SYSTEM32\IPHLPAPI.DLL
0x00007ff898f20000 - 0x00007ff898f2a000 	C:\WINDOWS\System32\NSI.dll
0x00007ff890cc0000 - 0x00007ff890cde000 	C:\WINDOWS\SYSTEM32\dhcpcsvc6.DLL
0x00007ff8907d0000 - 0x00007ff8907f3000 	C:\WINDOWS\SYSTEM32\dhcpcsvc.DLL
0x00007ff895590000 - 0x00007ff8956bc000 	C:\WINDOWS\SYSTEM32\DNSAPI.dll
0x00007ff872d30000 - 0x00007ff872d39000 	C:\Program Files\Microsoft\jdk-17.0.16.8-hotspot\bin\extnet.dll
0x00007ff896260000 - 0x00007ff89627b000 	C:\WINDOWS\SYSTEM32\CRYPTSP.dll
0x00007ff895990000 - 0x00007ff8959ca000 	C:\WINDOWS\system32\rsaenh.dll
0x00007ff896050000 - 0x00007ff89607b000 	C:\WINDOWS\SYSTEM32\USERENV.dll
0x00007ff896b60000 - 0x00007ff896b8a000 	C:\WINDOWS\SYSTEM32\bcrypt.dll
0x00007ff896280000 - 0x00007ff89628c000 	C:\WINDOWS\SYSTEM32\CRYPTBASE.dll
0x00007ff8780e0000 - 0x00007ff8780ee000 	C:\Program Files\Microsoft\jdk-17.0.16.8-hotspot\bin\sunmscapi.dll
0x00007ff896da0000 - 0x00007ff896f17000 	C:\WINDOWS\System32\CRYPT32.dll
0x00007ff896480000 - 0x00007ff8964b0000 	C:\WINDOWS\SYSTEM32\ncrypt.dll
0x00007ff896430000 - 0x00007ff89646f000 	C:\WINDOWS\SYSTEM32\NTASN1.dll
0x00007ff8079b0000 - 0x00007ff8079b8000 	C:\WINDOWS\system32\wshunix.dll

dbghelp: loaded successfully - version: 4.0.5 - missing functions: none
symbol engine: initialized successfully - sym options: 0x614 - pdb path: .;C:\Program Files\Microsoft\jdk-17.0.16.8-hotspot\bin;C:\WINDOWS\SYSTEM32;C:\WINDOWS\WinSxS\amd64_microsoft.windows.common-controls_6595b64144ccf1df_6.0.26100.7019_none_3e06ffa0e335b8a8;C:\Program Files\Microsoft\jdk-17.0.16.8-hotspot\bin\server;C:\Users\vj999\.gradle\native\1def1411415f61bf3af743bc5b6707747c0891f09f0c88961ee8f79bc544acac\windows-amd64;C:\Users\vj999\.gradle\native\0.2.8\x86_64-windows-gnu

VM Arguments:
jvm_args: --add-opens=java.base/java.lang=ALL-UNNAMED --add-opens=java.base/java.lang.invoke=ALL-UNNAMED --add-opens=java.base/java.util=ALL-UNNAMED --add-opens=java.prefs/java.util.prefs=ALL-UNNAMED --add-exports=jdk.compiler/com.sun.tools.javac.api=ALL-UNNAMED --add-exports=jdk.compiler/com.sun.tools.javac.util=ALL-UNNAMED --add-opens=java.base/java.util=ALL-UNNAMED --add-opens=java.prefs/java.util.prefs=ALL-UNNAMED --add-opens=java.base/java.nio.charset=ALL-UNNAMED --add-opens=java.base/java.net=ALL-UNNAMED --add-opens=java.base/java.util.concurrent=ALL-UNNAMED --add-opens=java.base/java.util.concurrent.atomic=ALL-UNNAMED --add-opens=java.xml/javax.xml.namespace=ALL-UNNAMED -XX:MaxMetaspaceSize=512m -Xmx2048m -Dfile.encoding=windows-1252 -Duser.country=IN -Duser.language=en -Duser.variant -javaagent:C:\Users\vj999\.gradle\wrapper\dists\gradle-9.0.0-bin\d6wjpkvcgsg3oed0qlfss3wgl\gradle-9.0.0\lib\agents\gradle-instrumentation-agent-9.0.0.jar 
java_command: org.gradle.launcher.daemon.bootstrap.GradleDaemon 9.0.0
java_class_path (initial): C:\Users\vj999\.gradle\wrapper\dists\gradle-9.0.0-bin\d6wjpkvcgsg3oed0qlfss3wgl\gradle-9.0.0\lib\gradle-daemon-main-9.0.0.jar
Launcher Type: SUN_STANDARD

[Global flags]
     intx CICompilerCount                          = 4                                         {product} {ergonomic}
   size_t CompressedClassSpaceSize                 = 436207616                                 {product} {ergonomic}
     uint ConcGCThreads                            = 3                                         {product} {ergonomic}
     uint G1ConcRefinementThreads                  = 10                                        {product} {ergonomic}
   size_t G1HeapRegionSize                         = 1048576                                   {product} {ergonomic}
    uintx GCDrainStackTargetSize                   = 64                                        {product} {ergonomic}
   size_t InitialHeapSize                          = 121634816                                 {product} {ergonomic}
   size_t MarkStackSize                            = 4194304                                   {product} {ergonomic}
   size_t MaxHeapSize                              = 2147483648                                {product} {command line}
   size_t MaxMetaspaceSize                         = 536870912                                 {product} {command line}
   size_t MaxNewSize                               = 1287651328                                {product} {ergonomic}
   size_t MinHeapDeltaBytes                        = 1048576                                   {product} {ergonomic}
   size_t MinHeapSize                              = 8388608                                   {product} {ergonomic}
    uintx NonNMethodCodeHeapSize                   = 5839372                                {pd product} {ergonomic}
    uintx NonProfiledCodeHeapSize                  = 122909434                              {pd product} {ergonomic}
    uintx ProfiledCodeHeapSize                     = 122909434                              {pd product} {ergonomic}
    uintx ReservedCodeCacheSize                    = 251658240                              {pd product} {ergonomic}
     bool SegmentedCodeCache                       = true                                      {product} {ergonomic}
   size_t SoftMaxHeapSize                          = 2147483648                             {manageable} {ergonomic}
     bool UseCompressedClassPointers               = true                           {product lp64_product} {ergonomic}
     bool UseCompressedOops                        = true                           {product lp64_product} {ergonomic}
     bool UseG1GC                                  = true                                      {product} {ergonomic}
     bool UseLargePagesIndividualAllocation        = false                                  {pd product} {ergonomic}

Logging:
Log output configuration:
 #0: stdout all=warning uptime,level,tags
 #1: stderr all=off uptime,level,tags

Environment Variables:
JAVA_HOME=C:\Program Files\Microsoft\jdk-17.0.16.8-hotspot\
PATH=D:\techpravaha\Vrikshamitra-SIH2K25\frontend\node_modules\.bin;D:\techpravaha\Vrikshamitra-SIH2K25\frontend\node_modules\.bin;D:\techpravaha\Vrikshamitra-SIH2K25\node_modules\.bin;D:\techpravaha\node_modules\.bin;D:\node_modules\.bin;C:\Users\vj999\AppData\Roaming\npm\node_modules\npm\node_modules\@npmcli\run-script\lib\node-gyp-bin;C:\Program Files\Microsoft\jdk-17.0.16.8-hotspot\bin;C:\xampp\php;C:\WINDOWS\system32;C:\WINDOWS;C:\WINDOWS\System32\Wbem;C:\WINDOWS\System32\WindowsPowerShell\v1.0\;C:\WINDOWS\System32\OpenSSH\;C:\Program Files\Git\bin;C:\sqllite;C:\ProgramData\ComposerSetup\bin;C:\ProgramData\chocolatey\bin;C:\Program Files\nodejs\;C:\Program Files\Docker\Docker\resources\bin;C:\flutter\bin;C:\Program Files\MySQL\MySQL Shell 8.0\bin\;C:\MinGW\bin;C:\Users\vj999\AppData\Local\Programs\Python\Python311\Scripts\;C:\Users\vj999\AppData\Local\Programs\Python\Python311\;C:\Users\vj999\AppData\Local\Microsoft\WindowsApps;C:\Users\vj999\AppData\Local\Programs\Microsoft VS Code\bin;C:\Program Files\JetBrains\IntelliJ IDEA Community Edition 2024.1.4\bin;;C:\Users\vj999\AppData\Local\Programs\MiKTeX\miktex\bin\x64\;C:\Program Files (x86)\MongoDB Atlas CLI\;C:\Users\vj999\AppData\Roaming\Composer\vendor\bin;C:\ProgramData\ComposerSetup\bin;C:\Users\vj999\AppData\Roaming\npm;C:\Users\vj999\AppData\Local\Android\Sdk\platform-tools;C:\Users\vj999\AppData\Local\Programs\Antigravity\bin
USERNAME=vj999
LANG=en_US.UTF-8
OS=Windows_NT
PROCESSOR_IDENTIFIER=AMD64 Family 25 Model 68 Stepping 1, AuthenticAMD
TMP=C:\Users\vj999\AppData\Local\Temp
TEMP=C:\Users\vj999\AppData\Local\Temp



Periodic native trim disabled


---------------  S Y S T E M  ---------------

OS:
 Windows 11 , 64 bit Build 26100 (10.0.26100.7019)
OS uptime: 0 days 20:21 hours
Hyper-V role detected

CPU: total 12 (initial active 12) (12 cores per cpu, 2 threads per core) family 25 model 68 stepping 1 microcode 0xa404107, cx8, cmov, fxsr, ht, mmx, 3dnowpref, sse, sse2, sse3, ssse3, sse4a, sse4.1, sse4.2, popcnt, lzcnt, tsc, tscinvbit, avx, avx2, aes, erms, clmul, bmi1, bmi2, adx, sha, fma, vzeroupper, clflush, clflushopt, hv
Processor Information for processor 0
  Max Mhz: 3301, Current Mhz: 2496, Mhz Limit: 3301
Processor Information for processor 1
  Max Mhz: 3301, Current Mhz: 2496, Mhz Limit: 3301
Processor Information for processor 2
  Max Mhz: 3301, Current Mhz: 2496, Mhz Limit: 3301
Processor Information for processor 3
  Max Mhz: 3301, Current Mhz: 2496, Mhz Limit: 3301
Processor Information for processor 4
  Max Mhz: 3301, Current Mhz: 2496, Mhz Limit: 3301
Processor Information for processor 5
  Max Mhz: 3301, Current Mhz: 2496, Mhz Limit: 3301
Processor Information for processor 6
  Max Mhz: 3301, Current Mhz: 2496, Mhz Limit: 3301
Processor Information for processor 7
  Max Mhz: 3301, Current Mhz: 2496, Mhz Limit: 3301
Processor Information for processor 8
  Max Mhz: 3301, Current Mhz: 2496, Mhz Limit: 3301
Processor Information for processor 9
  Max Mhz: 3301, Current Mhz: 2496, Mhz Limit: 3301
Processor Information for processor 10
  Max Mhz: 3301, Current Mhz: 2496, Mhz Limit: 3301
Processor Information for processor 11
  Max Mhz: 3301, Current Mhz: 2024, Mhz Limit: 3301

Memory: 4k page, system-wide physical 7381M (580M free)
TotalPageFile size 29909M (AvailPageFile size 116M)
current process WorkingSet (physical memory assigned to process): 474M, peak: 497M
current process commit charge ("private bytes"): 719M, peak: 722M

vm_info: OpenJDK 64-Bit Server VM (17.0.16+8-LTS) for windows-amd64 JRE (17.0.16+8-LTS), built on Jul 10 2025 00:24:24 by "MicrosoftCorporation" with unknown MS VC++:1944

END.
